"name","airplay_count","shows_count"
"Michael Jackson",3230,0
"Morgan Wallen",2551,41
"Bon Jovi",2208,1
"Queen",2203,0
"Madonna",2096,47
"Aerosmith",2065,1
"Journey",2036,30
"Bad Bunny",1948,71
"Luke Combs",1862,39
"Jelly Roll",1745,64
"Rauw Alejandro",1559,42
"Myke Towers",1409,4
"Prince Royce",1362,1
"Def Leppard",1350,28
"The Police",1350,0
"Post Malone",1348,49
"Bryan Adams",1315,40
"Shaboozey",1307,17
"FEID",1290,30
"Phil Collins",1273,3
"Jason Aldean",1257,56
"Chris Brown",1248,53
"Karol G",1240,1
"Guns N' Roses",1206,9
"Prince",1205,0
"Pat Benatar",1175,30
"Billy Joel",1175,254
"Manuel Turizo",1156,4
"Ozuna",1146,0
"Tom Petty",1125,0
"Cyndi Lauper",1106,25
"Mariah Carey",1099,17
"Jordan Davis",1093,80
"J Balvin",1078,30
"Elton John",1045,229
"Whitney Houston",1026,69
"Maroon 5",1022,18
"Green Day",990,19
"Eagles",976,40
"Red Hot Chili Peppers",976,19
"Billy Idol",971,47
"AC/DC",964,22
"Tears For Fears",943,0
"Maluma",925,9
"Rihanna",918,0
"Ella Langley",915,96
"Riley Green",905,107
"Vicente Fernández",895,0
"Shakira",893,31
"U2",891,27
"Fleetwood Mac",868,0
"Lainey Wilson",865,63
"Taylor Swift",863,0
"Romeo Santos",859,0
"Ovy On The Drums",837,0
"Led Zeppelin",829,0
"George Michael",827,0
"Grupo Frontera",825,5
"Eurythmics",817,0
"Carin Leon",810,13
"Bruno Mars",804,23
"SZA",780,41
"Kane Brown",773,70
"Carrie Underwood",770,39
"Nate Smith",768,116
"Blessd",759,5
"Lady Gaga",757,30
"R.E.M.",754,0
"Thomas Rhett",746,48
"Simple Minds",744,37
"Sam Hunt",742,38
"No Doubt",738,2
"Marc Anthony",734,13
"Cody Johnson",729,60
"a-ha",726,0
"Ed Sheeran",708,11
"The Outfield",703,0
"Drake",701,39
"Bailey Zimmerman",696,92
"Backstreet Boys",690,20
"Nirvana",686,0
"Pink Floyd",685,0
"Goo Goo Dolls",684,52
"Survivor",672,0
"P!nk",669,0
"The Cars",669,0
"Luke Bryan",660,62
"Eddie Money",654,0
"Van Halen",651,1
"Zach Top",649,70
"Justin Timberlake",648,37
"Adele",646,30
"Whitesnake",645,0
"Alanis Morissette",639,36
"Kapo",638,0
"Parmalee",637,43
"Heart",631,54
"Foreigner",628,104
"The Weeknd",626,46
"Fuerza Regida",619,8
"Blake Shelton",617,36
"Usher",617,20
"Annie Lennox",611,0
"Dave Stewart",611,28
"Teddy Swims",606,72
"Daddy Yankee",603,1
"Kendrick Lamar",599,34
"Dylan Scott",587,60
"Kelly Clarkson",585,28
"UB40",584,33
"John Mellencamp",581,28
"Selena Gomez",580,0
"Kenny Loggins",570,0
"Megan Moroney",569,118
"Joan Jett & The Blackhearts",567,54
"REO Speedwagon",565,24
"LOCASH",563,13
"Wisin",562,2
"Justin Bieber",561,0
"GloRilla",560,44
"Katy Perry",556,46
"Xavi",555,25
"Chase Matthew",551,67
"Russell Dickerson",540,40
"benny blanco",539,0
"Miley Cyrus",538,0
"The Rolling Stones",535,15
"Genesis",535,2
"Hardy",532,70
"Lynyrd Skynyrd",528,60
"Cutting Crew",519,4
"Ozzy Osbourne",519,2
"Dustin Lynch",512,55
"Anuel AA",511,5
"Kehlani",510,4
"Outkast",504,0
"Cardi B",503,1
"Ace of Base",497,0
"George Strait",496,12
"Koe Wetzel",486,55
"TLC",485,11
"Metallica",483,26
"Britney Spears",481,0
"Soft Cell",479,30
"Bruce Springsteen",478,13
"Christina Aguilera",477,20
"OMD - Orchestral Manoeuvres In The Dark",477,30
"David Bowie",476,1
"Dua Lipa",468,44
"Sia",466,0
"Fugees",465,1
"Yandel",463,8
"Farruko",460,1
"Tina Turner",455,2
"Mariah the Scientist",455,53
"Toto",453,77
"Belinda Carlisle",447,5
"Chris Stapleton",444,56
"Starship",444,7
"Los Tigres del Norte",443,53
"Rascal Flatts",442,14
"Future",440,3
"Steve Miller Band",440,24
"Cole Swindell",433,43
"Men At Work",426,28
"Scorpions",426,14
"ZZ Top",424,89
"Benson Boone",420,36
"Hudson Westbrook",419,56
"Beyonce",416,31
"Nicky Jam",406,10
"Kenny Chesney",403,33
"Wham!",400,0
"Venesti",398,0
"Jessie Murph",396,33
"Don Henley",389,0
"Scotty McCreery",381,63
"Intocable",376,35
"Pearl Jam",375,24
"Ramon Ayala Y Sus Bravos Del Norte",373,2
"Danny Ocean",372,2
"BossMan Dlow",370,29
"The Cranberries",370,0
"Becky G",367,1
"Duran Duran",367,14
"Gente De Zona",366,2
"Justin Moore",366,37
"Berlin",366,7
"Tom Petty & the Heartbreakers",366,0
"Paula Abdul",364,14
"Sebastián Yatra",362,0
"'N Sync",362,0
"Chencho Corleone",359,2
"George Birge",356,44
"3 Doors Down",354,21
"Daryl Hall",352,32
"Tim McGraw",349,52
"Kansas",348,62
"Tucker Wetmore",346,50
"Mr. Mister",342,0
"Corey Hart",341,0
"Modern English",341,30
"Tyler Hubbard",340,64
"Metro Boomin",340,4
"Naked Eyes",338,1
"Gunna",337,16
"Brandon Lake",337,82
"Dan + Shay",335,19
"Eden Munoz",335,18
"Chris Young",333,31
"Joan Sebastian",333,0
"Beéle",331,0
"Jordan Adetunji",331,2
"DND | Do Not Disturb",329,0
"Rick Astley",328,0
"Sublime",323,26
"Aventura",321,37
"Andy Williams",321,0
"Sabrina Carpenter",320,31
"David Guetta",318,21
"The Bangles",317,0
"Alicia Keys",315,2
"Blondie",314,2
"Stevie Nicks",312,34
"Pepe Aguilar",312,18
"Marshmello",310,48
"Pitbull",309,42
"FloyyMenor",308,0
"LeAnn Rimes",308,21
"Alejandro Sanz",307,0
"Parker McCollum",306,104
"Poison",302,0
"Bryson Tiller",299,69
"Chicago (Band)",299,86
"R!CH YASHEL",298,0
"Eminem",296,0
"La Fiera de Ojinaga",294,8
"Bee Gees",293,11
"Rod Wave",293,11
"John Morgan",292,12
"Florida Georgia Line",291,0
"Linkin Park",290,42
"Selena",288,0
"Lionel Richie",288,45
"Eric Carmen",287,0
"Calibre 50",287,0
"The Beatles",285,0
"Summer Walker",285,31
"21 Savage",285,30
"Silvestre Dangond",285,15
"Dierks Bentley",283,50
"Amy Grant",283,51
"Keith Urban",283,53
"Corey Kent",283,74
"Roxette",278,1
"Timbaland",276,2
"Shaggy",275,21
"Frank Sinatra",275,1
"Leon Thomas",275,9
"Peso Pluma",273,21
"Stone Temple Pilots",272,8
"Zac Brown Band",270,33
"Céline Dion",270,0
"Alan Jackson",269,4
"Eric Church",268,15
"Quevedo",268,6
"Ariana Grande",267,0
"Lady A",265,7
"Lee Brice",263,56
"Third Eye Blind",263,27
"John Oates",262,23
"Michael Bublé",262,2
"Bob Seger",262,0
"Shania Twain",262,21
"MR Big",262,33
"Belinda",260,1
"La Maquinaria Nortena",259,6
"Billy Ocean",258,22
"Nicki Minaj",256,39
"2Pac",256,0
"Imagine Dragons",256,16
"Antonio Aguilar",255,0
"Paul McCartney",255,2
"Mary J. Blige",255,24
"Stevie Wonder",254,5
"Steve Winwood",253,10
"Boyz II Men",253,40
"Nelly",252,86
"La Original Banda El Limón De Salvador Lizárraga",252,0
"Los Invasores de Nuevo Leon",251,7
"Cheap Trick",251,56
"Fine Young Cannibals",249,0
"Faith Hill",247,0
"Ernest",246,83
"Luis Figueroa",245,0
"Jennifer Warnes",244,0
"Jimmy Eat World",243,80
"Rick Springfield",241,70
"Lil Wayne",240,36
"Jonas Brothers",239,50
"Gwen Stefani",239,8
"Twisted Sister",238,0
"Gloria Estefan",237,2
"MARI",237,0
"A Flock of Seagulls",233,42
"Toby Keith",233,2
"Luis Angel ""El Flaco""",232,23
"Destiny's Child",231,0
"Kali Uchis",231,2
"Los Dos Carnales",231,11
"Banda Los Recoditos",230,7
"Bronco",230,24
"When In Rome",230,3
"Jon Pardi",229,53
"Motley Crue",229,19
"Doja Cat",229,12
"Mike Bahía",228,0
"Josh Ross",228,38
"Camilo",227,0
"Daryl Hall & John Oates",226,0
"Myles Smith",225,28
"Weezer",225,25
"Miranda Lambert",225,41
"blink-182",225,31
"Peter Gabriel",224,0
"Lewis Somes",224,0
"The Human League",224,12
"Lucho RK",223,0
"Dirt Road",223,0
"ROSALÍA",223,0
"Crowded House",223,1
"El Fantasma",223,7
"Jackson Dean",222,53
"Hozier",222,87
"Enrique Iglesias",221,22
"Nelly Furtado",220,4
"The B-52's",219,6
"Lenny Kravitz",219,19
"V.A",219,0
"Black Eyed Peas",219,3
"Uncle Kracker",218,26
"La Adictiva",217,2
"INXS",217,0
"La Arrolladora Banda El Limón De Rene Camacho",215,0
"Earth, Wind & Fire",214,53
"Bill Medley",214,0
"Bobby Brown",213,3
"Kool & The Gang",213,25
"Garth Brooks",213,20
"Gerardo Coronel",212,4
"Creedence Clearwater Revival",211,0
"Burl Ives",211,0
"Nickelback",211,26
"Bananarama",211,2
"Brett Young",208,46
"Shawn Mendes",208,1
"The Romantics",206,0
"Depeche Mode",206,9
"Rush",206,1
"Old Dominion",205,74
"Elena Rose",204,1
"Los Bukis",204,5
"Culture Club",203,0
"Santana",203,70
"Evanescence",202,9
"Fall Out Boy",202,31
"Spin Doctors",202,42
"Burna Boy",201,14
"Johnny Mathis",201,18
"Jennifer Lopez",201,7
"Reik",200,26
"Los Huracanes Del Norte",199,11
"Gerardo Ortiz",199,4
"John Waite",199,71
"Foo Fighters",198,10
"Ellie Goulding",195,0
"Lenny Tavárez",195,0
"Coldplay",195,30
"Dexys Midnight Runners",194,0
"Los Rieleros Del Norte",194,7
"Lil Baby",193,23
"Lewis Capaldi",193,0
"Dasha",193,40
"The Killers",192,10
"The Notorious B.I.G.",191,0
"Dylan Marlowe",189,55
"Natalie Imbruglia",188,6
"DJ Snake",187,6
"Trans-Siberian Orchestra",187,58
"Sixpence None The Richer",185,29
"Vince Guaraldi Trio",185,0
"Dean Martin",185,0
"Phil Wickham",185,55
"Christian Nodal",185,3
"310babii",184,1
"Yes",183,0
"Air Supply",183,77
"Meghan Patrick",183,14
"Ezequiel Peña",183,1
"The Cure",180,0
"T.I.",179,11
"Quiet Riot",178,13
"The Offspring",177,64
"Europe",176,2
"Gene Autry",176,0
"Darell",175,1
"Haddaway",175,1
"Don Omar",175,23
"Dj Agus Lima",175,0
"Alejandro Fernandez",174,29
"Brenda Lee",173,0
"Chris Janson",173,38
"Supertramp",172,0
"MercyMe",172,52
"Montell Jordan",172,4
"Tracy Chapman",171,0
"Boston",171,0
"Gloria Gaynor",170,1
"Martina McBride",170,16
"Pharrell Williams",170,0
"Styx",170,95
"Mustard",170,2
"Darius Rucker",170,36
"Deniece Williams",168,0
"MANA",168,37
"Toni Braxton",166,9
"Piso 21",165,0
"Alfredo Olivas",164,0
"Sam Smith",164,0
"The Clash",164,0
"Billy Currington",163,51
"Rocko Ballin",163,0
"Sech",162,2
"Collective Soul",162,55
"Gavin Adcock",161,86
"The Who",160,2
"DJ Godfather",160,0
"Mark Ronson",159,0
"Zion & Lennox",159,0
"Warren Zeiders",159,116
"BigXThaPlug",159,44
"Beastie Boys",158,0
"Alphaville",158,0
"Conjunto Primavera",157,9
"Sugar Ray",157,1
"Tyga",157,21
"The Cardigans",157,0
"Train",156,48
"OneRepublic",156,20
"Sean Paul",155,40
"John Legend",154,46
"Brooks & Dunn",154,42
"Black Sabbath",152,1
"Mannheim Steamroller",152,51
"Tate McRae",151,72
"Steve Perry",151,0
"Ne-Yo",150,22
"Spandau Ballet",150,0
"Luis Miguel",150,37
"The Black Crowes",149,41
"Rodney Atkins",149,24
"Murray Head",149,0
"DJ Gian",148,0
"Bad Company",148,0
"Louis BPM",148,0
"Fergie",147,0
"Dead Or Alive",147,0
"Drew Baldridge",147,41
"Tommy Tutone",147,9
"Los Angeles Azules",146,41
"Yuridia",144,3
"Carpenters",144,0
"Guaynaa",144,0
"Coco Jones",144,40
"Boza",144,0
"Alice in Chains",143,13
"Toni Basil",143,0
"Dan Hartman",143,0
"Club Nouveau",142,0
"OhGeesy",142,3
"THE HILLS BOYS",142,0
"Harry Connick Jr.",141,16
"Blueface",141,1
"Bob Marley",141,0
"Nat King Cole",141,0
"BlueBucksClan",140,9
"Blind Melon",140,6
"Rayvon",140,0
"Lauren Daigle",139,54
"Rod Stewart",139,52
"Seal",139,1
"Oscar Maydon",138,18
"Tyla",138,14
"Charlie Puth",138,0
"T-Pain",138,42
"All-4-One",138,3
"4 Non Blondes",137,10
"Grupo Firme",137,9
"Julión Álvarez Y Su Norteño Banda",137,0
"Zach Williams",137,81
"Prince & The Revolution",136,0
"The Smashing Pumpkins",136,6
"Gotye",136,0
"Jackson 5",136,0
"Vanessa Carlton",136,1
"Bonnie Tyler",135,1
"DJ Khaled",134,3
"Kid Rock",133,32
"Rick Ross",133,25
"Donna Summer",133,0
"Kelsea Ballerini",132,19
"TobyMac",131,42
"Chaka Khan",130,27
"Alemi Bustos",130,0
"Rick James",129,0
"Rema",129,13
"Soundgarden",129,0
"Avril Lavigne",129,37
"Ava Max",129,1
"Darlene Love",129,5
"B.o.B",129,0
"Kim Carnes",127,0
"DJ Patamix",127,0
"Wilson Phillips",127,3
"Rigo Tovar",127,0
"Tone-Loc",127,4
"Muni Long",127,11
"Extreme",125,20
"NATTI NATASHA",125,0
"The Ronettes",125,0
"Emilia",125,1
"M-Beat",125,0
"Duelo",124,4
"Camila Cabello",124,4
"Ciara",124,2
"Kenny G",124,25
"Flo Rida",124,23
"The Chainsmokers",124,50
"Ty Myers",123,42
"Smash Mouth",123,2
"Oasis",123,37
"Willie Nelson",122,68
"Fun",122,0
"Michael Sembello",121,0
"The Doors",121,0
"The Fray",121,49
"Harry Styles",120,0
"The Kid LAROI",120,9
"Renzo Pianciola",120,0
"Jay Wheeler",120,7
"Halsey",120,34
"Savage Garden",120,0
"Megan Thee Stallion",120,28
"Taio Cruz",120,0
"Jeremy Camp",119,39
"Totò",118,0
"Gerardo Reyes",118,0
"Mark Morrison",118,0
"Live",118,37
"Meghan Trainor",116,3
"Diddy",116,0
"Jake Owen",116,38
"Cardenales de Nuevo León",116,2
"Natasha Bedingfield",116,17
"Jenni Rivera",116,0
"Max McNown",115,29
"DJ Joao",115,0
"PartyNextDoor",115,6
"Ray Conniff",115,0
"50 Cent",114,20
"Wiz Khalifa",114,27
"Latto",114,4
"Semisonic",114,18
"DJ Collins",113,0
"Sade",113,1
"Pet Shop Boys",113,2
"Cher",113,0
"ATL Jacob",113,0
"Alex Warren",112,63
"Wang Chung",112,39
"Leona Lewis",112,0
"Javier Solís",112,0
"Carlos Vives",111,1
"Bush",111,59
"Banda El Recodo",111,10
"Dire Straits",111,1
"Pretenders",110,0
"MOLIY",110,0
"Sombr",110,21
"Ricky Martin",109,21
"Chris Tomlin",109,26
"Real Boston Richey",109,8
"Lindsey Stirling",108,12
"Justin Quiles",108,5
"Katelyn Brown",108,0
"DaBaby",108,10
"Twenty One Pilots",108,16
"Jason Derulo",108,7
"Pesado",108,4
"Big Mountain",108,6
"Magic!",107,1
"Bobby Helms",107,0
"Snoop Dogg",107,13
"Male Meniw",107,0
"Crowder",107,1
"Elevation Worship",107,9
"Javier Rosas Y Su Artillería Pesada",106,0
"Panic! At The Disco",106,2
"The Drifters",106,15
"Nena",105,4
"Turnpike Troubadours",105,55
"Rob Thomas",105,3
"Darius Botha",105,0
"Missy Elliott",105,4
"Sexyy Red",105,27
"Vanilla Ice",105,5
"Cornelio Reyna",104,0
"Kanye West",104,9
"Morat",104,16
"Ayudantes del Rancho",103,0
"MC Vibz",103,0
"Josiah Queen",103,28
"Pedro Fernandez",103,25
"The Proclaimers",103,0
"Radiohead",103,0
"Stray Cats",102,0
"El Coyote Y Su Banda Tierra Santa",102,0
"Jay-Z",102,0
"Roddy Ricch",101,0
"Đang Cập Nhật",101,0
"Manfred Mann's Earth Band",101,0
"Pop Smoke",101,0
"Miguel",101,2
"Tiffany",101,5
"New Order",101,2
"Micah Tyler",100,1
"Jeremih",100,10
"Preston Cooper",100,9
"The Beach Boys",100,84
"Hallotian",100,0
"TEMS",100,8
"Gnarls Barkley",100,0
"Randy Houser",100,25
"Jack Harlow",99,3
"Mitchell Tenpenny",99,65
"Coolio",99,0
"Rvssian",99,0
"Jhayco",98,3
"Blue Öyster Cult",98,6
"Travis Scott",98,25
"The Wailers",98,45
"Huey Lewis & The News",98,0
"Jesse & Joy",98,2
"Yng Lvcas",98,0
"J. Balvin",98,0
"The All-American Rejects",98,36
"Asia",97,6
"Free",97,2
"Clarent",96,0
"Normani",96,1
"Marco Antonio Solis",96,2
"Luis Fonsi",96,1
"38 Special",96,53
"Keith Nieto",96,0
"Los Ballers",96,0
"Playboi Carti",95,77
"Donna Lewis",95,0
"J.I.D",95,31
"Bizarrap",94,4
"Lyanno",94,0
"George Thorogood & The Destroyers",94,69
"Lupe Borbon y su Blindaje 7",94,0
"Gym Class Heroes",94,2
"Loverboy",94,11
"Carly Pearce",93,72
"Perry Como",93,0
"Skid Row",93,24
"Jessi Uribe",93,4
"Lorde",93,0
"Incubus",93,23
"BRUNO MATEUS",93,0
"DJ Crazy J Rodriguez",93,0
"Shenseea",93,0
"MC Hammer",93,0
"Wale",93,6
"John Lennon",92,0
"Edwin McCain",92,68
"Lil Uzi Vert",92,2
"KISS",92,6
"Silent Addy",92,1
"Akon",92,4
"Los Relampagos Del Norte",92,0
"Katy Nichole",92,5
"Marvin Gaye",91,0
"Espen Fahlen",90,0
"Paramore",90,0
"Matthew West",90,14
"Eddy Grant",90,0
"Ayra Starr",89,11
"The Calling",89,1
"Jazmine Sullivan",89,2
"Lit",89,8
"Banda Carnaval",89,2
"Wings",89,0
"Thomas Jack Robson",89,0
"The Lumineers",89,59
"Alice Cooper",89,31
"Brian McKnight",88,17
"Ricardo Ducent",88,0
"L.V.",88,0
"Gorillaz",88,0
"Billie Eilish",87,24
"Richard Marx",87,22
"Thin Lizzy",87,0
"Moise Duguet",87,0
"Los Cadetes De Linares",87,1
"Blackstreet",87,1
"Mario",87,25
"Sonora Santanera",87,2
"Coach Alvarado",87,0
"Billy Squier",87,0
"Seph Schlueter",86,2
"La Alianza Norteña",86,0
"Espinoza Paz",86,0
"Tauren Wells",86,10
"Skillibeng",86,1
"Yahritza Y Su Esencia",86,2
"Elvis Presley",86,0
"Ja Rule",86,47
"Codiciado",85,8
"Ke$ha",85,0
"matchbox twenty",85,2
"for KING & COUNTRY",85,12
"Monica",85,49
"Young Miko",85,11
"Brantley Gilbert",85,53
"Technotronic",85,0
"The Commodores",85,23
"7美人",84,0
"K-Ci",84,1
"小奶瓶",84,0
"珊姐",84,0
"Paquita la del Barrio",84,6
"Trisha Yearwood",84,9
"Chayito Valdez",84,0
"Tom Cochrane",84,2
"Marisela",84,20
"Chuck Berry",84,0
"Las Jilguerillas",83,0
"Tonic",83,1
"Coi Leray",83,7
"Emamu Raja",83,0
"Ginuwine",83,40
"Brad Paisley",83,26
"Los Tucanes De Tijuana",82,26
"Jo Tyler",82,0
"Eli Young Band",82,28
"Los Humildes",82,0
"José Feliciano",82,9
"Cain",82,23
"The J. Geils Band",81,1
"Nate Ruess",81,0
"Cerberus Circuitbreaker",81,0
"Anne-Marie",80,0
"Eve",80,36
"Reggaetones",80,0
"Gabby Barrett",80,12
"Taylor Dayne",80,24
"Glass Animals",80,30
"Majo Aguilar",80,1
"Dr. Dre",80,0
"Gin Blossoms",80,51
"Anderson .Paak",80,5
"Banda Los Sebastianes De Saúl Plata",79,0
"Beatriz Adriana",79,10
"Colbie Caillat",79,9
"Jo Dee Messina",78,31
"Nio Garcia",78,0
"Offset",78,20
"don vito",78,0
"The Commission",78,0
"Debbie Deb",78,0
"David Foster",77,46
"Michael Bolton",77,7
"Silk Sonic",77,0
"Bob Marley & The Wailers",76,0
"New Edition",76,7
"Young Thug",76,1
"Lorenzo de Monteclaro",76,11
"Thompson Twins",76,4
"24kGoldn",75,3
"Dazz Band",75,1
"Sum 41",75,23
"Relaxing Music",75,0
"Jon Reddick",75,34
"Creed",75,31
"Lucha Villa",75,0
"Real McCoy",75,0
"Tony Bennett",75,0
"Los Dos De Tamaulipas",75,3
"Victoria Monét",75,5
"Vincent Mason",75,59
"Lloyd",75,11
"Walker Hayes",74,32
"George Merrill",74,0
"Eric Clapton",74,7
"Ryan Castro",74,3
"Zeddy Will",74,0
"Shannon Rubicam",74,0
"We Are Messengers",74,16
"Rufus",74,0
"Chelo",74,12
"The White Stripes",74,0
"Grupo Cañaveral De Humberto Pabón",73,0
"Tasha Layton",73,29
"The Revolution",73,0
"Tito Double P",73,22
"Hoobastank",73,9
"Chase Rice",73,60
"Sarah McLachlan",73,28
"Banda Machos",73,16
"Alleh",72,0
"Andrew Ripp",72,3
"Staind",72,42
"Colton Dixon",72,7
"Bebe Rexha",72,4
"Forrest Frank",72,29
"Van Morrison",72,15
"Yorghaki",72,0
"DJ Suede The Remix God",71,0
"Brandy",71,1
"Luther Vandross",71,0
"Jamie Foxx",70,0
"Maria Becerra",70,1
"Joe Nichols",70,21
"DJ Myte",70,0
"Carlos Y Jose",70,0
"Mora",69,9
"Gary Allan",69,53
"ButtonSmash",69,0
"Clint Black",69,65
"Irene Cara",69,0
"Travis Tritt",68,69
"Ivan Cornejo",68,35
"Wade Bowen",68,18
"Madness",68,14
"Wisin & Yandel",68,0
"Peter Frampton",68,40
"Alex Fernández",68,0
"Little Big Town",67,31
"Tyler Childers",67,59
"Jackson Pierce",67,0
"Loe Shimmy",67,17
"George Thorogood",67,24
"The Ray Conniff Singers",67,0
"Big Daddy Weave",67,9
"Grupo Recluta",67,0
"Ben Fuller",66,17
"Randy Travis",66,39
"Janet Jackson",66,34
"Patrick Swayze",66,0
"112",66,11
"Frankie Goes to Hollywood",66,0
"Joan Jett",65,0
"Anitta",65,3
"Los Temerarios",65,0
"Lifehouse",65,2
"Simply Red",65,26
"MoneyBagg Yo",64,6
"Chumbawamba",64,0
"Pedro Infante",64,0
"SWV",64,14
"Christina Perri",64,0
"Chalino Sanchez",64,0
"Flippa T",64,0
"Randy Rogers Band",64,24
"C. Tangana",64,0
"Everclear",63,75
"Jamie MacDonald",63,0
"Alannah Myles",63,0
"Lonestar",63,19
"Casting Crowns",63,31
"Snow Patrol",63,33
"Ty Dolla $ign",63,11
"Madella Clinton",63,0
"Mon Laferte",63,17
"Rawayana",63,24
"Wizkid",62,7
"Grupo Arriesgado",62,1
"Keyshia Cole",62,36
"Los Dos Oros",62,0
"Miguel Y Miguel",62,0
"Leroy Anderson",62,0
"Matthew Wilder",62,0
"Pancho Barraza",62,16
"Tommy Richman",61,13
"Puddle Of Mudd",61,2
"The Doobie Brothers",61,37
"Banda MS de Sergio Lizárraga",61,0
"Jason Mraz",61,12
"Brett Eldredge",61,11
"James Barker Band",60,14
"NandoVVS",60,0
"Zedd",60,25
"Jimi Hendrix",60,1
"Ela Taubert",60,0
"Lauren Alaina",59,15
"Los Freddy's",59,0
"Central Cee",59,31
"DNA",59,0
"Macklemore",59,7
"Anne Wilson",59,19
"Night Ranger",59,36
"KC and The Sunshine Band",59,32
"Andy Gibb",58,0
"Avicii",58,0
"Presley Haile",58,0
"Terrian",58,5
"Edison",58,0
"Debbie Harry",58,0
"Jimmy Cliff",58,0
"Warrant",58,31
"Lauv",57,1
"Steppenwolf",57,0
"NBA YoungBoy",57,0
"My Chemical Romance",57,13
"Jet",57,17
"Ryan Lewis",56,2
"Liberacion",56,4
"Leanna Crawford",56,14
"Des'ree",56,0
"Blessing Offor",56,19
"Amalia Mendoza",56,0
"Banda Los Sebastianes",56,0
"Tame Impala",56,0
"Flo Milli",56,20
"Danny Gokey",56,8
"Harry Parker",56,0
"Great White",56,22
"El Poder del Norte",55,0
"Fat Joe",55,6
"Spice Girls",55,0
"Gerardo Diaz y Su Gerarquia",55,0
"Calvin Harris",55,0
"Peter Schilling",55,0
"John Tesh",55,7
"Chiquis",55,0
"Ana Barbara",54,3
"Nathy Peluso",54,3
"W Sound",54,0
"Giovanny Ayala",54,0
"Zach Bryan",54,58
"Los Mentados de Culiacán",54,0
"Paul Russell",53,1
"Hermanas Huerta",53,0
"Crazy Town",53,0
"Ariel Camacho y Los Plebes Del Rancho",53,0
"Ball Greezy",53,1
"YFN Lucci",53,0
"Numba 9",53,0
"DJ Nicky Sensation",53,0
"Kim Wilde/Nena",53,0
"CeCe Winans",53,49
"Kings Of Leon",52,10
"John Denver",52,0
"Kelsey Hart",52,15
"William Clark Green",52,4
"CNCO",52,0
"Salt-N-Pepa",52,0
"The Isley Brothers",52,18
"October London",52,50
"Trace Adkins",52,23
"Banda MS",52,14
"Lee Ann Womack",52,3
"Dj Smith Casma",52,0
"Warren G",52,5
"Josh Turner",52,42
"Jordan Feliz",51,5
"Charley Crockett",51,75
"EJAE",51,0
"Tony Basil",51,0
"HUNTR/X",51,0
"Dj Perreo Mix",51,0
"Busta Rhymes",51,30
"Christian Crisóstomo",51,0
"Audrey Nuna",51,7
"REI AMI",51,0
"Tracy Lawrence",51,65
"Cody Jinks",51,69
"Bachman-Turner Overdrive",51,51
"KPop Demon Hunters Cast",51,0
"Expose",51,6
"Blur",51,3
"Chayce Beckham",51,63
"Sean Kingston",50,4
"Michael McDonald",50,0
"Raheem DeVaughn",50,33
"Michael Ray",50,4
"Percy Faith",50,0
"Jay Sean",50,0
"Fonseca",50,6
"Clay Walker",50,30
"Ella Mai",50,0
"DJ Booster",49,0
"Tia Ray",49,0
"Elevation Rhythm",49,27
"Juanes",49,33
"Montgomery Gentry",49,4
"Sinéad O'Connor",49,0
"José Alfredo Jiménez",49,0
"Banda La Costeña",49,0
"Mark Chesnutt",49,31
"Alabama",48,28
"NPR",48,0
"ABBA",48,0
"Faith Evans",48,4
"Mega Perreo Brasileño",48,0
"Daniel Powter",48,0
"Robert Palmer",48,0
"Deep Purple",48,0
"Doechii",48,11
"Willy William",48,0
"AC",48,0
"The Red Clay Strays",48,90
"Sugarland",48,0
"Ana Gabriel",47,0
"Pat Green",47,15
"311",47,70
"Matt Cooper",47,0
"Thompson Square",47,3
"Electric Light Orchestra",47,0
"Marcy Playground",47,6
"Megan Woods",47,0
"Jewel",47,1
"John Michael Montgomery",47,7
"TBD",47,0
"Jodeci",47,18
"GIVĒON",47,0
"Montez De Durango",46,1
"Alessia Cara",46,30
"Three Days Grace",46,44
"Christopher Cross",46,34
"Trick Daddy",46,2
"Enzo Ortiz",46,0
"Tanto Metro & Devonte",46,0
"Trae",46,0
"mgk",46,0
"Kimbra",46,22
"Chase McDaniel",46,1
"Peabo Bryson",45,10
"Maren Morris",45,22
"Generation X",45,0
"Diana Ross",45,25
"emmanuellcortess_",45,0
"Carlos Y José",45,0
"New Kids on the Block",45,38
"Jet Trouble",45,0
"Shane McAnally",45,0
"Joe Cocker",45,1
"Dido",45,0
"Josh Osborne",45,1
"Tiesto",45,34
"Brray",45,0
"Maverick City Music",45,3
"En Vogue",44,9
"Rachel Platten",44,20
"Rocío Dúrcal",44,0
"Carlos Baute",44,1
"Celia Cruz",44,0
"Keith Sweat",44,34
"Golden Earring",44,0
"Justice",44,20
"Oscar Ortiz",44,0
"Stephanie Mills",44,26
"Bradley Cooper",44,0
"Los Muecas",44,0
"Dio",44,0
"Next",44,12
"MacKenzie Porter",44,2
"Los Ramones",44,6
"Banda La Del Valle",44,0
"Kacey Musgraves",44,7
"Manolo Muñoz",44,0
"Banda La Chacaloza De Jerez Zacatecas",43,0
"Carly Rae Jepsen",43,5
"Ashanti",43,33
"Muse",43,2
"Cage The Elephant",43,30
"Ray Dalton",43,0
"Bell Biv DeVoe",43,1
"Nicki French",43,0
"Jesus Escobosa",43,0
"Descemer Bueno",43,0
"Paula Cole",43,15
"Fabolous",43,13
"Tony! Toni! Tone!",43,1
"D.H.T.",43,0
"Plain White T's",43,16
"Los Felices Del Rancho",42,0
"Living Colour",42,18
"That Mexican OT",42,21
"The Guess Who",42,36
"Maxwell",42,21
"Ranjita Kumari",42,0
"Pretty Ricky",42,3
"H.E.R.",42,0
"Djo",42,32
"Sting",41,53
"José Alfredo Jimenez",41,0
"Paul Wall",41,3
"DRODi",41,0
"Grupo La Etiqueta",41,0
"Juan Valentin",41,9
"Matt Maher",41,8
"Josh Abbott Band",41,20
"DMX",41,0
"Sanluis",41,0
"Nico & Vinz",41,0
"Chris de Burgh",41,1
"Kaitlin Butts",41,26
"Linda Ronstadt",41,1
"The Band Perry",41,7
"David Lee Murphy",41,25
"Tanner Usrey",40,70
"Edwin Luna y La Trakalosa de Monterrey",40,0
"Yung Bleu",40,2
"Grover Washington, Jr.",40,0
"Olivia Dean",40,13
"Ludacris",40,33
"MAR",40,0
"Edward Cobb",40,0
"Los Caminantes",40,0
"Ronald Isley",40,1
"Midland",40,35
"Mike Laure",40,0
"Tego Calderón",40,0
"Cody Carnes",40,21
"Reba McEntire",40,3
"Mike Ryan",40,12
"DJ Baddmixx",40,0
"We The Kingdom",40,51
"J. Brown",40,0
"Christian Alicea",40,1
"Charlie Zaa",39,4
"Rich Homie Quan",39,2
"La Dama Brava",39,0
"Will To Power",39,0
"Pedro Capó",39,0
"J. Cole",39,29
"DeBarge",39,0
"Blanco Brown",39,2
"DJ Dirty White",39,0
"Bomba Estereo",39,20
"Lil Jon",39,13
"MCTY",39,0
"Robin Thicke",39,6
"Band Aid",39,0
"Ini Kamoze",39,0
"Marky Mark And The Funky Bunch",39,0
"Counting Crows",39,66
"John Travolta",38,0
"Music Factory",38,0
"Derek & The Dominos",38,0
"Bad Omens",38,19
"Nayer",38,0
"Caroline Jones",38,1
"Afrojack",38,23
"Tracy Byrd",38,17
"Latin Beats",38,0
"The Pussycat Dolls",38,0
"Niko Moon",38,67
"Kanales",38,0
"Lola Beltrán",38,0
"La Septima Banda",37,2
"Francesca Battistelli",37,0
"Glenn Medeiros",37,0
"Chris Lane",37,19
"Tove Lo",37,0
"The Jets",37,68
"Juan Luis Guerra",37,0
"Cory Asbury",37,30
"Jaheim",37,4
"Dueto Las Palomas",37,0
"Portugal. The Man",37,39
"Deep Blue Something",37,0
"Wase",37,0
"Katrina & The Waves",37,0
"Ice Cube",37,36
"Gabito Ballesteros",37,7
"The Fixx",37,21
"Los Internacionales Cadetes de Jaime Vera",37,0
"Lil Yachty",37,44
"Nine Days",36,0
"Foghat",36,30
"Ratt",36,0
"Sérgio Mendes",36,1
"The Jacksons",36,13
"Chezi",36,0
"Dru Hill",36,33
"Meek Mill",36,2
"DeeJay FJ",36,0
"Adriel Favela",36,2
"Randall King",36,51
"Everlast",36,0
"B2D",36,0
"Lil Sho X",36,0
"Inner Circle",36,6
"Robby Poitevin",36,0
"Shane Smith & The Saints",36,44
"Lil Durk",36,20
"Sophie B. Hawkins",36,5
"Josh Baldwin",36,13
"War",35,7
"Kodak Black",35,4
"Neon Trees",35,27
"Ramón Ayala y Sus Bravos Del norte",35,0
"ROSE BEAT",35,0
"Gary Kemp",35,0
"Paul Young",35,29
"Jon Secada",35,0
"Patty Smyth",35,0
"Danzig",35,6
"Cross Canadian Ragweed",35,5
"James Blunt",35,17
"Plies",35,22
"Tevin Campbell",35,0
"Fountains of Wayne",35,1
"Joe Walsh",35,0
"Dolly Parton",35,0
"Ivan Davalos",35,0
"Gracie Binion",35,0
"Donny Hathaway",35,0
"Fantasia",35,12
"DJ Perreo",35,0
"Voz de Mando",35,0
"Las Hermanas Padilla",34,0
"Blueagent1",34,0
"De Parranda",34,0
"Babyface",34,16
"The Go-Go's",34,6
"Linger",34,0
"Walk The Moon",34,0
"Tyrese",34,15
"Quavo",34,4
"Ram Jam",34,0
"Daft Punk",34,0
"Pat Barrett",34,17
"Talking Heads",34,1
"Remmy Valenzuela",34,0
"SCANDAL",34,9
"Grupo Retro",34,0
"Rend Collective",34,46
"Twista",34,5
"French Montana",34,1
"Alien Ant Farm",34,18
"Lil Jon & The East Side Boyz",34,0
"Jeffrey Osborne",34,24
"Sugarhill Gang",33,6
"803Fresh",33,2
"IAmDJD",33,0
"JUANITO EL MILLONZUKI",33,0
"Sammy Kershaw",33,33
"Tones And I",33,3
"Tony Higuera",33,0
"Pete Townshend",33,0
"Bad Gyal",33,4
"Blu Cantrell",33,0
"Ramesh Muskan",33,0
"MGMT",33,0
"Lunay",33,0
"Brothers Osborne",33,46
"Los Lobos",33,43
"Los Cadetes De Linares De Homero Guerrero Jr.",33,0
"Clipse",33,0
"Teague Brothers Band",33,0
"Cosme Tadeo",33,0
"Jagged Edge",33,18
"Cochren & Co",32,2
"Vince Gill",32,54
"Black Sun",32,0
"Monteemiles",32,0
"JoJo",32,17
"Dj Mario Andretti",32,0
"Peter Cetera",32,0
"Banda Sinaloense MS de Sergio Lizárraga",32,0
"Lalo Mora",32,9
"Blue October",32,59
"Soul for Real",32,1
"Easton Corbin",32,16
"King George",32,25
"Shinedown",32,44
"Julie Andrews",32,0
"Eslabon Armado",32,37
"Key Glock",31,35
"Jordin Sparks",31,0
"Jerry Rivera",31,3
"Alicia Villarreal",31,28
"Kesha",31,28
"Everything but the Girl",31,0
"Michael W. Smith",31,48
"Ryan Ellis",31,2
"Atlus",31,7
"Funk Avy",31,0
"Mase",31,0
"Musiq",31,1
"Nego Do Borel",31,0
"Bachata Para Bailar",31,0
"Laura Branigan",31,0
"One Direction",31,0
"Henry Mancini",31,0
"K-Ci & JoJo",31,0
"La Poderosa Banda San Juan",31,0
"Adolfo Urias",31,0
"fun.",31,0
"Jason Boland & The Stragglers",31,16
"Tee Grizzley",31,1
"Marcus King",30,62
"Los Dos Reales",30,0
"Los Dareyes De La Sierra",30,2
"Cassie",30,0
"Chappell Roan",30,56
"Hope Darst",30,1
"Almost Monday",30,15
"Leo Dan",30,5
"Tony Montoya",30,0
"Diamond Rio",30,30
"The Righteous Brothers",30,57
"Waylon Jennings",30,2
"Lisa Loeb",30,4
"Olivia Newton-John",30,0
"Aaron Watson",30,16
"C & C Music Factory",30,0
"Los Tiranos Del Norte",30,0
"Los Canelos De Durango",30,0
"Trey Songz",30,57
"Javier Solis",30,0
"Cream",29,0
"The Manhattans",29,5
"Dj Twise",29,0
"Olivia Newton John",29,0
"Steely Dan",29,17
"Nacho",29,0
"Sweet",29,6
"The Jackson 5",29,0
"Julio Preciado",29,0
"Flatland Cavalry",29,90
"Grupo Sexto Sentido",29,0
"Juice WRLD",29,1
"Khalid",29,1
"Stevie B",29,4
"Emerson Day",29,0
"Código FN",29,0
"Eiffel 65",29,0
"Ivy Queen",29,2
"Duncan Sheik",29,0
"Whiskey Myers",29,68
"Rob49",29,7
"Hootie & The Blowfish",29,10
"Migos",29,0
"Grupo Limite",28,0
"La Sonora Dinamita",28,2
"Enigma Norteño",28,0
"System of a Down",28,7
"The Edgar Winter Group",28,0
"Stormzy",28,0
"Luniz",28,1
"Riley Clemmons",28,9
"Fuel",28,8
"John Parr",28,0
"Donell Jones",28,3
"Papa Roach",28,38
"Dexter and The Moonrocks",28,31
"Ledisi",28,58
"Brent Faiyaz",28,0
"Kevin Lyttle",28,0
"Caleb and John",28,7
"Josh Groban",28,8
"Lucenzo",28,0
"DJ Niar",28,0
"Dj Pop",28,0
"The Whispers",28,18
"Wolfine",28,0
"Smiler",28,0
"Beck",28,16
"DJ KAORI",28,0
"Yolanda Del Rio",28,0
"The Chicks",28,0
"P.O.D.",28,30
"G Herbo",27,14
"Bangles",27,0
"OMC",27,0
"Rupert Holmes",27,0
"Arcangel",27,3
"Julieta Lopez",27,0
"Davido",27,9
"Baby Tate",27,5
"The Animals",27,0
"Ice Spice",27,2
"Swedish House Mafia",27,1
"Angel y Khriz",27,0
"Esau Ortiz",27,0
"Lukas Graham",27,6
"Antonio Bribiesca",27,0
"Grupo Exterminador",27,0
"Grupo La Migra",27,0
"Edgardo Nuñez",27,3
"Tank",27,34
"Dueto Miseria",27,0
"Lil Tuki",27,0
"Bobby V",27,20
"Nate Dogg",27,0
"Vanessa Williams",27,2
"Nicki Nicole",27,0
"Tal Bachman",27,0
"Nicky Youre",26,10
"JetX",26,0
"Samantha Ebert",26,0
"DJ Sunza",26,0
"Los Mier",26,0
"Priscilla Block",26,54
"Angelica Maria",26,0
"Mary Mary",26,1
"Kidd Kidd",26,0
"Kyle",26,3
"Elvis Crespo",26,3
"Kiki Dee",26,1
"Tom Tom Club",26,0
"Pluto",26,0
"Young Money",26,0
"Pentatonix",26,13
"Robert Earl Keen",26,11
"Will Smith",26,7
"Norteños de Ojinaga",26,0
"DJ CARLEEX",26,0
"Sonido Godzila",26,0
"Dazy",26,1
"Kirk Franklin",26,7
"Ramón Ayala",26,11
"DJ MAYUMI",26,0
"James Taylor",26,64
"Sergio Vega ""el Shaka""",26,0
"Dabo Boys",25,0
"J. Whiz",25,0
"YG",25,0
"Big Mike",25,0
"Rachael Lampa",25,0
"Serapio Ramirez",25,0
"Zach Kaye",25,0
"Alegres De La Sierra",25,0
"Reckless Kelly",25,13
"Lipps Inc.",25,0
"Thurl Ravenscroft",25,0
"Kcee",25,0
"DJ Xplosive",25,0
"Pop Mix",25,0
"Quality Control",25,0
"Dimelo Flow",25,0
"DJ Pride",25,0
"BIA",25,2
"Joss Favela",25,0
"Aaron Neville",25,0
"VDJ AGREV",25,0
"Daughtry",25,70
"Dei V",25,16
"Neil Diamond",25,1
"Luis R Conriquez",25,26
"Travis Roberts",25,1
"Magic 1",25,0
"Los Nuevos Rebeldes",25,1
"Treaty Oak Revival",25,79
"Passion",25,10
"Only Mix",25,0
"Gossip Girl",25,0
"Cuco Sánchez",25,0
"Angela Aguilar",25,3
"Humberto Montalti",25,0
"Swae Lee",25,2
"Taqtaqa",24,0
"Noel Torres",24,2
"Given Rand",24,0
"Chico Chicano",24,0
"Naomi Raine",24,0
"Rockwell",24,0
"Blanca",24,0
"Simony",24,0
"Artemas",24,29
"Colter Wall",24,32
"Chuy Vega y Los Nuevos Cadete",24,0
"Saweetie",24,1
"Pharrell",24,0
"Barry Manilow",24,96
"Jawsh 685",24,0
"Audioslave",24,0
"Bad English",24,0
"Los Alegres Del Barranco",24,5
"DJ K-More",24,0
"Lojay",24,0
"Edward Maya",24,0
"Rosie O'Donnell",24,0
"RUN-DMC",24,0
"Tainy",23,0
"Glenn Frey",23,0
"Los Traileros Del Norte",23,0
"Eve 6",23,4
"The Crystals",23,0
"Stevie Ray Vaughan",23,0
"Disclosure",23,8
"Groove Theory",23,0
"SANTOS BRAVOS",23,0
"Hijos De Barron",23,1
"Vika Jigulina",23,0
"Kevin Fowler",23,5
"Marc Martel",23,15
"Gucci Mane",23,9
"The A-Strings",23,0
"Fetty Wap",23,0
"Pusha T",23,6
"Felipe Arriaga",23,0
"Ashley Cooke",23,66
"4batz",23,2
"Pliers",23,3
"Grupo Legitimo",23,1
"William Beckmann",23,13
"Pancho Ferron",23,0
"Joe Diffie",23,0
"Kenny P.",23,0
"YgtRecords",23,0
"Total",23,6
"Dj TikTok Viral",23,0
"AWOLNATION",23,37
"The Marshall Tucker Band",23,73
"rainy lips",22,0
"Cameo",22,2
"Webbie",22,1
"La Hija Del Mariachi",22,0
"Cost Quântico",22,0
"Seether",22,34
"America",22,15
"BrocoBeat",22,0
"Palomo",22,0
"Disney",22,0
"Bastille",22,9
"Gracie Abrams",22,25
"American Aquarium",22,27
"Braian Leiva",22,0
"George Harrison",22,0
"Demi Lovato",22,1
"Omega",22,0
"Percy Faith & His Orchestra",22,0
"CKC Clique",22,0
"John Baumann",22,2
"Thomas Richard Peter Howe",22,0
"Good Charlotte",22,5
"Maddie & Tae",22,22
"Judas Priest",22,26
"Derkommissar",22,0
"Fer Palacio",22,0
"Lola Young",22,26
"Maldy",22,0
"Reggaeton Band",22,0
"Sheryl Crow",22,19
"Ludwig Van Beethoven",22,0
"Gyptian",22,3
"Tibau Mascheroni",22,0
"Big Sean",22,2
"lovelytheband",22,23
"Charlie Wilson",22,23
"Baby Bash",22,5
"Tito Y Su Torbellino",22,0
"Tony De La Rosa",21,0
"Brent Cobb",21,27
"Andrea Bocelli",21,47
"Musiq Soulchild",21,42
"Faith No More",21,0
"Rupee",21,0
"Sammy Hagar",21,12
"Macc Martelli",21,0
"Industria Del Amor",21,3
"Freak Nasty",21,0
"Glee Cast",21,0
"Jhene Aiko",21,16
"Jennie",21,1
"Laberinto",21,0
"Tory Lanez",21,0
"Kenya Grace",21,6
"Hayes Carll",21,40
"Sentury",21,0
"Jackson Browne",21,13
"Zyleix",21,0
"Consumed by Fire",21,0
"DJ MIX NON-STOP CHANNEL",21,0
"Tori Kelly",21,21
"Federico Villa",21,0
"TRAE THA TRUTH",21,0
"Radney Foster",21,5
"Kigga",21,0
"The Hollies",21,0
"Tamia",21,20
"Love and Theft",21,3
"Lil Skittle",21,0
"DJ Elias Villabrille",21,0
"Top Gun",21,0
"Sisqo",21,0
"Travie McCoy",20,1
"MAX",20,1
"Jimmy Buffett",20,1
"The Red Jumpsuit Apparatus",20,19
"Kelly Rowland",20,1
"Verdun Remix",20,0
"Chris Cagle",20,14
"Arthur Fiedler",20,0
"Los Yonic's",20,2
"Joey Montana",20,0
"Conjunto Rio Grande",20,0
"Hillsong Worship",20,0
"RoaminAround713",20,0
"Mr. G",20,0
"2 Chainz",20,10
"Thomas Dolby",20,4
"Los Alegres de Terán",20,0
"Banda Arkangel R-15",20,4
"Muthahupa",20,0
"Ravyn Lenae",20,14
"Eagle-Eye Cherry",20,0
"El Komander",20,0
"Yotuel",20,0
"Mario Winans",20,0
"Franz Ferdinand",20,36
"El Alfa",20,5
"Peezy",20,9
"Frankie J",20,1
"Three Dog Night",19,80
"Ella Fitzgerald",19,0
"Grupo Miramar",19,0
"El Chaval De la Bachata",19,0
"Thirty Seconds To Mars",19,4
"Los 2 de la S",19,1
"Corona",19,1
"New Radicals",19,0
"YKNIECE",19,0
"Wild Cherry",19,0
"Israel Fiore",19,0
"Allan Sherman",19,0
"Jhay Cortez",19,0
"Al Green",19,1
"Deana Carter",19,17
"Cash Cobain",19,0
"Juan Luis Guerra 4.40",19,0
"Malice",19,0
"DJ Johan Taborda",19,0
"Ryan Bingham",19,32
"Sturgill Simpson",19,36
"National Anthem Worx",19,0
"Sara Evans",19,46
"Jason Scott & The High Heat",19,0
"Donny Goines",19,0
"Jam Melgarejo",19,0
"Jordan St. Cyr",19,0
"Neal McCoy",19,22
"DJ Spyro",19,0
"Luis Enrique",19,1
"DJ Moys",19,0
"Wynonna Judd",19,42
"Skilla Baby",19,24
"Zion",19,0
"Go West",19,6
"Steven Curtis Chapman",19,17
"Mystikal",19,0
"Dj jabato",19,0
"Old 97's",19,25
"artistmusical",19,0
"Nazareth",18,13
"Maphex Deck",18,0
"Anthony Hamilton",18,26
"Jesse",18,0
"Mumford & Sons",18,45
"Major Lazer",18,0
"Encuentro Norteño",18,0
"Recovery Mafia",18,0
"Barry White",18,0
"Nico Vallorani DJ",18,0
"Antonio Tanguma",18,0
"K Camp",18,1
"Breaking Benjamin",18,81
"The Mighty Mighty Bosstones",18,0
"Paul Simon",18,65
"Lo Mejor del Rock de Los 70",18,0
"Asleep at the Wheel",18,34
"Cuisillos De Arturo Macias",18,0
"Grand Funk Railroad",18,24
"Buffalo Springfield",18,0
"Warren Zevon",18,0
"8Uno",18,0
"Miami Sound Machine",18,0
"Temple of the Dog",18,0
"DJ Prospect",18,0
"Los De La Nada",18,0
"Tik Tok",18,0
"Sunny Sweeney",18,22
"Nicolas Maulen",18,0
"Grupo Marca Registrada",18,3
"Shane & Shane",18,1
"Chevelle",18,53
"Los Humildes Hnos. Ayala",18,0
"Waka Flocka Flame",18,15
"Victor Cardenas",17,2
"Midnight Oil",17,0
"JT",17,1
"Driven the Rockstar Kid",17,0
"Kari Jobe",17,14
"702",17,4
"The Royal Philharmonic Orchestra",17,0
"G.NAS.T",17,0
"NVBR",17,0
"DJ",17,0
"Josh Ward",17,7
"Lola Brooke",17,7
"Charlie Robison",17,0
"La Energia Norteña",17,0
"Dj Adoni",17,0
"Bobby Pulido",17,14
"Sidewalk Prophets",17,6
"Nas",17,4
"Brandon Heath",17,8
"Xscape",17,8
"KiD Ink",17,0
"Stealers Wheel",17,0
"CKay",17,0
"Slade Coulter",17,4
"Muscadine Bloodline",17,45
"Yesenia Flores",17,8
"Omar Ruiz",17,0
"Josh Meloy",17,39
"Ty Herndon",17,6
"Maze",17,8
"John Anderson",17,7
"AJR",17,49
"Cinderella",17,0
"House of Pain",17,0
"Thundercat",17,9
"Dj Morant",17,0
"Kardinal Offishall",17,0
"Ghost Town DJs",17,0
"Speaky",17,0
"Stephen Biokoro",17,0
"Glass Tiger",17,18
"Cory Morrow",17,2
"Natalie Layne",17,2
"Los Angeles Negros",17,1
"City Girls",17,0
"Juan Arnedo OK",17,0
"The Waitresses",17,0
"Various Artists",17,0
"Byron Messia",17,0
"Rii Edit",17,0
"DJ Reggaeton",17,0
"Jennifer Paige",17,0
"James McMurtry",17,27
"Enys'e",17,0
"Chayanne",17,4
"Hermanos Barron",17,0
"Hi-Five",16,1
"James Bay",16,28
"Young Buck",16,0
"Paul Miro",16,0
"Dillon Carmichael",16,25
"Saul El Jaguar Alarcón",16,0
"DJ Piero Pineda",16,0
"Dj Lil Yankee",16,0
"Lil' Troy",16,0
"Kim Wilde",16,7
"KB5",16,0
"Trapt",16,19
"George Benson",16,4
"Banda Movil",16,0
"Trade Union",16,0
"Royel Otis",16,43
"Sebastian Yatra",16,0
"Anne Murray",16,0
"Passenger",16,0
"SKEEMZZ ACE BRAVO",16,0
"Player",16,0
"Kent Jones",16,0
"Tree Thomas",16,0
"Santiago Novello",16,0
"Viento Y Sol",16,0
"The Temptations",16,71
"The Tubes",16,12
"Mariachi Vargas de Tecalitlan",16,13
"Casey Donahew",16,22
"Chic",16,0
"Diego Verdaguer",16,0
"Laufey",16,41
"Estela Nuñez",16,0
"Bodie",16,6
"Florence + The Machine",16,0
"Control",16,0
"Anita Baker",16,6
"Los Felinos",16,0
"Fridayy",16,15
"Finger Eleven",16,6
"Los Alegres De Teran",16,0
"José Luis Rodríguez",15,2
"Sawyer Brown",15,36
"Hank Weaver",15,0
"NFL",15,0
"AG Fernandez",15,0
"Bonnie Raitt",15,79
"Patrick Mayberry",15,0
"Gary P. Nunn",15,0
"The Moody Blues",15,1
"Mark Wills",15,5
"Impacto De Montemorelos",15,0
"Dj 3assaf",15,0
"Reneé Rapp",15,8
"keri nguyen",15,0
"Emmi Dj",15,0
"Grateful Dead",15,0
"Switchfoot",15,16
"The Cult",15,2
"Craig Morgan",15,11
"Ellie Holcomb",15,19
"EZE Vallejo",15,0
"Big Brother & The Holding Company",15,0
"Los Plebeyos",15,0
"Big & Rich",15,8
"La Energia Nortena",15,1
"DHT",15,0
"Bujimix",15,0
"Erykah Badu",15,4
"Anycia",15,4
"Magic",15,0
"Dee Mula",15,0
"Nahuu Aguilar",15,0
"Distant Matter",15,0
"Los Legendarios",15,0
"De La Soul",15,6
"The Remix Cartell",15,0
"Silverada",15,6
"La Revolución De Emiliano Zapata",15,0
"Fito Olivares",15,0
"Dueto Azteca",15,0
"DJ Palacios",15,0
"Los Viejones De Linares",15,0
"El Chapo",15,0
"Juvenile",15,25
"Felinos",15,0
"Oingo Boingo",15,0
"Avant",15,0
"Young Floss",15,0
"Acapulco Tropical",15,0
"Chloe Kimes",15,0
"Olga Tanon",15,2
"Kylie Frey",15,2
"Grupo Laberinto",15,5
"Los Pescadores del Rio Conchos",15,0
"Soul Asylum",15,3
"MJP Muzik",15,0
"Astropical",15,16
"The Chipmunks",15,0
"Dwight Yoakam",15,71
"The Marcus King Band",15,24
"Gary Clark",15,0
"DJ Lenny Ducano",15,0
"Dueto Amanecer",14,0
"Yoko Ono",14,0
"Bruce Hornsby",14,25
"General Public",14,12
"Bryan Martin",14,30
"Elle King",14,28
"The Range",14,0
"The Allman Brothers Band",14,0
"Việt Anh",14,0
"Liban Garza",14,0
"Virlan Garcia",14,0
"Gilberto Valenzuela",14,0
"David Bisbal",14,20
"Lisa Lisa & Cult Jam",14,0
"Howard Jones",14,0
"Selena Y Los Dinos",14,0
"Housefires",14,0
"T3R Elemento",14,0
"Lipa DJ",14,0
"Raul Hernandez",14,10
"Los Terricolas",14,0
"Chad Hugo",14,0
"Harry Simeone Chorale",14,0
"Grupo Pegasso",14,0
"Cameron Allbright",14,0
"LL Cool J",14,2
"Shelby Stone",14,1
"LMFAO",14,0
"Nick Jonas",14,0
"Lil Zkillz",14,0
"Dalex",14,0
"Johnny Gill",14,10
"PALOMAZO NORTEÑO",14,6
"Lucky Luciano",14,0
"James Otto",14,1
"The Verve",14,0
"Caled Torres",14,0
"Micky and The Motorcars",14,5
"Miguel ""Michael"" Salgado",14,0
"Johnnie Black",14,0
"Kolby Cooper",14,26
"Lasgo",14,0
"Los Ramones De Nuevo Leon",14,0
"Uncle Lucius",14,16
"Naughty by Nature",14,1
"Hit Singers",14,0
"The Deele",14,0
"Dueto América",14,0
"Beenie Man",14,2
"The Pointer Sisters",14,2
"Harvey Danger",14,0
"Peter Burton",14,0
"Big Pun",14,0
"Wyatt Flores",14,67
"Casa De Leones",14,0
"Shenandoah",14,42
"Irresistible",14,0
"Enya",14,0
"Dueto Aguila",14,0
"The Kinks",14,0
"Treekoo",14,0
"Jack Ingram",13,5
"Phil Vassar",13,6
"Dj Fuego",13,0
"JJ Heller",13,0
"Reggae Mix USA",13,0
"De La Ghetto",13,3
"Guy",13,0
"El Mimoso Luis Antonio López",13,0
"The Carpenters",13,0
"Gretchen Wilson",13,14
"Young Jeezy",13,0
"Mariachi Los Camperos",13,7
"Noah Kahan",13,50
"Innovacion",13,0
"Mike WiLL Made-It",13,0
"La Mafia",13,5
"Mackenzie Carpenter",13,9
"Rob Base",13,6
"David Lee Roth",13,3
"Maty Deejay",13,0
"Popcaan",13,0
"Enur",13,0
"OMI",13,0
"Sam Barber",13,68
"Charles Wesley Godwin",13,81
"Molotov",13,16
"Bob Dylan",13,90
"ROSÉ",13,0
"Chris Knight",13,13
"Jeezy",13,20
"Mi Banda El Mexicano",13,9
"Flyleaf",13,7
"Conjunto Africa",13,0
"Tyce Delk",13,0
"Metrixx",13,0
"Gilberto Santa Rosa",13,16
"INOJ",13,0
"Matt Nathanson",13,16
"Wayne Wonder",13,0
"Jack White",13,37
"Steve Cattani",13,0
"Zion y Lennox",13,0
"Mint Condition",13,0
"Baby Ranks",13,0
"Jerry Jeff Walker",13,0
"Vanessa Campagna",13,0
"Fito Olivares Y Su Grupo",13,0
"Orleans",13,3
"Juan Magan",13,0
"Avery Anna",13,30
"Information Society",13,1
"Dominic Marsh",13,0
"One Sonic Society",13,0
"Violento",13,0
"The Plastic Ono Band",13,0
"Foxes",13,0
"Lauti Andrade",13,0
"TeeJay",13,1
"Eddy Lover",13,0
"Pedrito Fernández",13,0
"Lil Tjay",13,11
"Ying Yang Twins",13,36
"Tesla",13,47
"Los Incomparables De Tijuana",13,0
"Cascada",13,7
"Mariano Barba",13,0
"Grupo Anhelo",13,0
"Yndio",13,0
"Bethel Music",13,4
"See You Tonight",13,0
"The Damn Quails",13,3
"Charlie Chan",13,0
"Jesús Ojeda Y Sus Parientes",13,0
"Daya",13,3
"Gordon Lightfoot",13,0
"Bone Thugs-N-Harmony",13,30
"Matt Redman",13,0
"Aqua",13,23
"Banda Maguey",13,9
"Rage Against the Machine",13,0
"Latin Life",13,0
"Keri Hilson",13,18
"Calle 13",13,0
"Mike Posner",13,1
"Roscoe Dash",13,0
"Greg Hatwell",13,0
"NEEDTOBREATHE",13,35
"It's DDJ",12,0
"Serani",12,0
"Ace Hood",12,1
"Cazzu",12,0
"John K",12,0
"ABC",12,18
"Los Rancheritos Del Topo Chico",12,0
"Steven Tyler",12,0
"SG Li Laun",12,0
"Kristian Stanfill",12,1
"Foxx",12,0
"Terror Fabulous",12,0
"Lalo Mora y su Grupo Peregrino",12,0
"Tyler Nance",12,2
"La Diosa",12,0
"Travis Denning",12,13
"Amr Yousef",12,0
"Johnny Hates Jazz",12,0
"FishanatorNL",12,0
"StaySolidRocky",12,0
"Tyler, The Creator",12,56
"Aaliyah",12,0
"Chase Bennett",12,0
"Voice",12,1
"Steve Fawcett",12,0
"K-Paz De La Sierra",12,0
"Pablo Cardona",12,0
"Natanael Cano",12,2
"Karla Bonoff",12,20
"Stoney LaRue",12,12
"Tom Hamilton",12,6
"Mexican Music Factory",12,0
"Joaquin Sabina",12,1
"Foster The People",12,8
"Logan Ryan Band",12,1
"Tenth Avenue North",12,5
"El Tiempo",12,0
"Kajagoogoo",12,0
"The Ataris",12,5
"Shane Profitt",12,2
"The Charlie Daniels Band",12,0
"Sean McConnell",12,3
"Dellie",12,0
"Alexandra Stan",12,0
"Deborah Cox",12,1
"Los Morros Del Norte",12,2
"DJ Dave Jam",12,0
"Valentin Elizalde",12,0
"Jason Isbell & the 400 Unit",12,82
"La Bouche",12,1
"Guy Clark",12,0
"Jaden Smith",12,0
"Ulices Chaidez Y Sus Plebes",12,0
"Jenn Johnson",12,0
"Los Freddys",12,0
"Colmillo Norteño",12,0
"Jabbawockeez",12,128
"Capital Cities",12,2
"Rise Against",12,38
"Wheatus",12,31
"Don Toliver",12,18
"Melissa Etheridge",12,91
"Isaiah Fisher",12,0
"BTS",12,0
"Jim Croce",12,0
"Switch",12,0
"Los Del Arroyo",12,0
"Jeremy Rosado",12,0
"Polo G",12,4
"DJ XC2",12,0
"Lalah Hathaway",12,18
"BoneBreaker Jones",12,0
"Lukas Nelson",12,39
"DJ Maze",12,0
"Steve Fame",12,0
"Jarrod Morris",12,0
"FASSounds",12,0
"Koryn Hawthorne",12,2
"Lil Fart God",12,0
"Harold Faltermeyer",12,0
"'Til Tuesday",12,1
"Landon Wolfe",11,0
"Mariachi Sol de Mexico de Jose Hernandez",11,0
"Jackson Galati",11,0
"John Moreland",11,17
"David Essex",11,0
"GoldLink",11,0
"Emerson, Lake & Palmer",11,2
"Los Gfez",11,0
"Lee Brown",11,0
"Felix Jaehn",11,0
"El Tigrillo Palma",11,0
"La Sonora Dinamita Con Margarita",11,0
"Proyecto X",11,0
"Wyclef Jean",11,0
"Yeah Yeah Yeahs",11,19
"MØ",11,1
"Irene Rivas",11,0
"EMF",11,16
"Camper",11,0
"El Potro De Sinaloa",11,0
"Icona Pop",11,1
"Remix Tendencia",11,0
"Adam Ant",11,42
"Default",11,2
"Sunshine Anderson",11,5
"Adam Hood",11,19
"The Four Seasons",11,10
"A.B. Quintanilla III",11,0
"Aretha Franklin",11,0
"Abstract Posters",11,0
"Keenyn Omari",11,0
"TikTok",11,0
"Jon B",11,0
"Mariah Angeliq",11,0
"Skepta",11,6
"Tone Stith",11,1
"Dj Pirata",11,0
"Grind Mode",11,0
"The Knack",11,0
"Petey Pablo",11,1
"Tiranos Del Norte + Grupo Exterminador",11,0
"Pras",11,0
"Polo Urias",11,1
"Bay Swag",11,0
"Los Tigrillos",11,0
"Ryan Stevenson",11,5
"Rhett Walker",11,0
"Chieli Minucci",11,1
"Matteo Bocelli",11,13
"Vado",11,0
"Devo",11,25
"Iann Dior",11,28
"Stephen McWhirter",11,0
"Teyana Taylor",11,0
"DJ Luigi",11,0
"Gary Numan",11,19
"Straight No Chaser",11,47
"Måneskin",11,0
"Sonora Tropicana",11,0
"YuriesMix",11,0
"Roger Creager",11,6
"Nipsey Hussle",11,0
"Los Rehenes",11,1
"DJ Deville",11,0
"Dj Sinz",11,0
"Patrice Rushen",11,5
"Lance Roark",11,3
"Southall",11,10
"A Boogie Wit Da Hoodie",11,12
"Big Country",11,28
"James Arthur",11,55
"Jason Zaffary",11,0
"Little Texas",11,15
"Blog Radio",11,0
"La Migra",11,0
"Elite DJs",11,0
"Tony Dize",11,0
"El Puma De Sinaloa",11,0
"Ernesto Bianchi",11,0
"Barbra Streisand",11,0
"Jonathan Slott",11,0
"Pici",11,0
"Rob Star",11,0
"Chris Jeday",11,0
"Johnny Pearson",11,0
"Hurricane Wisdom",11,2
"Bart Crow",11,0
"John Hunter Jr",11,0
"Tony Aguirre",11,1
"Banda El Limon",11,0
"Six Market Blvd.",11,0
"Casper Magico",11,0
"Jason Isbell",11,93
"Travis Porter",10,2
"Barenaked Ladies",10,51
"Ludii TheRapper",10,0
"Taya",10,10
"Proyecto Uno",10,1
"Noelinar",10,0
"Bruce Robison",10,0
"Ingrid Andress",10,4
"After The Fire",10,0
"Panter Bélico",10,16
"Twilight Trio",10,0
"Maffio",10,0
"The-Dream",10,3
"J-Dawg",10,0
"Men Without Hats",10,30
"Queen Naija",10,0
"Grupo Codiciado",10,0
"KALEO",10,22
"Soul II Soul",10,6
"Violent Femmes",10,31
"Steve E Williams",10,0
"Antonio Aguilar Con Mariachi",10,0
"DJ Cossio",10,0
"Braxton Keith",10,36
"Sinaloense",10,0
"Kip Moore",10,72
"Chuy Lizarraga y Su Banda Tierra Sinaloense",10,0
"Mau y Ricky",10,5
"Tamar Braxton",10,26
"DJ Tools 4 Turntablism",10,0
"Thomas Strasser",10,0
"Puff Daddy",10,0
"Fatman Scoop",10,0
"Pam Tillis",10,22
"Tyler Watts",10,1
"Benjamin William Hastings",10,0
"James Pappoutsakis",10,0
"Sousa",10,0
"El Kaio",10,0
"Bigboyfilly",10,0
"Lee Roy Parnell",10,4
"Balu Brigada",10,12
"Yung-Chan",10,0
"La Ventaja",10,0
"Iyaz",10,0
"Dj German Berazategui",10,0
"Jorge Santacruz y Su Grupo Quinto Elemento",10,0
"SCi-FY",10,0
"Boho Fau",10,0
"PJ Morton",10,9
"Garbage",10,37
"Jowell & Randy",10,0
"Lucy Walsh",10,0
"Los Yaki",10,0
"Daisha McBride",10,0
"Jose Luis Gazcon",10,0
"Unspoken",10,2
"Regulo Caro",10,1
"Respect Dj Fizzy",10,0
"Kyle Jefferson",10,0
"Eddie Vedder",10,0
"Mixzo",10,0
"Ray Wylie Hubbard",10,15
"Los Cuates De Sinaloa",10,2
"Tito Torbellino",10,0
"El Chapo De Sinaloa",10,2
"Stephen Wilson Jr.",10,78
"Dj Bolero",10,0
"Nina Sky",10,1
"Quincy Jones",10,0
"Legado 7",10,0
"J. Holiday",10,4
"Georgia Satellites",10,0
"Ari Lennox",10,10
"Jim Brickman",10,25
"Toadies",10,6
"Mr. Vegas",10,0
"Boston Pops Orchestra",10,2
"Tigirlily Gold",10,11
"Shai",10,1
"Natalie Cole",10,0
"Ron Barron",10,0
"Diane Keaton",10,0
"Universal Production Music",10,0
"O. Viatori",9,0
"Ayesha Erotica",9,0
"Alison Krauss & Union Station",9,81
"A Touch Of Class",9,0
"Grupo Maximo Grado",9,0
"Blackberry Smoke",9,87
"After 7",9,9
"Made famous by Daddy Yankee",9,0
"Herman's Hermits",9,41
"Head East",9,5
"Finesse2tymes",9,3
"Chaka Demus & Pliers",9,0
"Erasure",9,0
"Rays",9,0
"Eliseo Robles",9,10
"Belly Gang Kushington",9,0
"M.I.A.",9,1
"Tropical Del Bravo",9,0
"Atlantic Starr",9,2
"Adrian Chaparro",9,0
"Cody Canada & The Departed",9,1
"Dante Bowe",9,1
"The Pinafores",9,0
"Jesús Chairez",9,0
"Raul Partida con Mariachi",9,0
"J-Kwon",9,0
"Charlotte Fenna",9,0
"Sharo Towers",9,0
"DJ Max Star",9,0
"Banda Tierra Sagrada",9,0
"RonDon",9,0
"All Time Low",9,19
"Rhea Francani",9,0
"Shy Glizzy",9,1
"Animotion",9,16
"Lenin Ramírez",9,1
"The Panhandlers",9,10
"Shannon",9,2
"Los Originales De San Juan",9,0
"TwentyTwo Houdini",9,0
"Hoodcelebrityy",9,0
"Dunn",9,0
"Olivia Rodrigo",9,51
"SHYLIFE",9,0
"Brooks",9,0
"Falco",9,0
"MatysitoFlowBakan0",9,0
"Kizz Daniel",9,3
"Mac Powell",9,44
"Gen5rs",9,0
"Banda Alta Potencia",9,0
"Kara Okee",9,0
"Siggno",9,0
"DJ Cuba",9,0
"CeeLo Green",9,5
"LSG",9,0
"Sara Bareilles",9,2
"Dueto America",9,0
"Brandon Rhyder",9,0
"Color Me Badd",9,5
"Dj Tik Tok Mix",9,0
"ALe! PLUZ",9,0
"The Psychedelic Furs",9,26
"Lauryn Hill",9,0
"Alvaro Diaz",9,2
"Zahriya Zachary",9,0
"Megan Danielle",9,0
"Rhett Akins",9,6
"Randy",9,0
"Brandi Carlile",9,15
"AFI",9,3
"Yellowcard",9,21
"5 Seconds of Summer",9,1
"Childish Gambino",9,0
"PEKE FERNANDEZ RMX",9,0
"3skiii",9,0
"JAYDA",9,0
"Kameron Marlowe",9,58
"DJ Nelson",9,0
"Maxi Gen",9,0
"Joe",9,42
"Jimmy Fallon",9,0
"Omarion",9,28
"Joe L. Barnes",9,0
"Rich Gang",9,0
"Alexandra Kay",9,55
"Skinny Williams",9,0
"Snow",9,0
"Chingy",9,36
"DJ L3XIS",9,0
"Norman Greenbaum",9,0
"PnB Rock",9,0
"Case",9,5
"John Fogerty",9,23
"Alex Clare",9,0
"Jethro Tull",9,4
"Delbert McClinton",9,0
"Los Inquietos Del Norte",9,10
"Dueto Río Bravo",9,0
"Valentín Elizalde",9,0
"Stone Sour",9,0
"Lolly",9,0
"Hillsong United",9,0
"Patty Loveless",9,0
"Queens Of The Stone Age",9,46
"Alta Consigna",9,2
"Len",9,0
"Cheba Dalila",9,0
"Dueto Frontera",9,0
"Patrulla 81",9,0
"Nathan Galante",9,0
"Adolfo Urias y su Lobo Norteño",9,0
"Lyriq Tye",9,0
"Los Baby's",9,0
"DJ Luc14no Antileo",9,0
"Heidi Klum",9,0
"La Tropa Loca",9,0
"Jefferson Airplane",9,0
"Skrillex",9,1
"Cheb Omar",9,0
"DJ Sonni",9,0
"Billy Strings",9,85
"49 Winchester",9,92
"Ready For The World",9,0
"The Hooters",9,2
"Lali DJ",9,0
"Triumph",8,0
"The Band of Heathens",8,8
"The Wilder Blue",8,27
"WestSide Cartel",8,0
"Alberto Y Roberto",8,0
"Selvsving",8,0
"Boosie BadAzz",8,20
"Los Hermanos Banda De Salamanca",8,0
"Baltimora",8,0
"Nico Manriquez",8,0
"Cristian Castro",8,1
"Dj Mac",8,0
"Carlos Rivera",8,0
"Gnaz",8,0
"Tito ""El Bambino""",8,0
"Homero Guerrero y Lupe Tijerina",8,0
"Collin Raye",8,9
"Lil Duval",8,0
"Grupo Bryndis",8,3
"Renacimiento 74",8,0
"Didier Lean Rachou",8,0
"Tomas Estrada",8,0
"Alex Ramirez Y Su Grupo Profetas",8,0
"Ma$e",8,0
"Katharine McPhee",8,25
"Doug Stone",8,4
"Charlie Shafter",8,0
"Los Polifaceticos",8,0
"Agus Maidana",8,0
"Eleven Hundred Springs",8,0
"Roberto Tapia",8,4
"Julieta Venegas",8,1
"V.A.",8,0
"DJ Punketo",8,0
"Fabian Gomez",8,0
"Dan Hill",8,0
"Felax",8,0
"Banda Sinaloense MM",8,0
"TsTricT03",8,0
"Dogwood Hill Publishing (BMI)",8,0
"Salsa Mix",8,0
"Ben Rector",8,58
"Tomy DJ",8,0
"Grupo Mojado",8,1
"Regulo Alcocer Y Su Grupo",8,0
"Joey Alexander",8,2
"Lenin Ramirez",8,0
"Mr Swagg 360",8,0
"Loleatta Holloway",8,0
"John Cafferty & The Beaver Brown Band",8,10
"Slapaholics",8,0
"Tam Y Tex",8,0
"Los Hermanos Barron",8,0
"Lizzo",8,0
"Dj Santy Mix",8,0
"Selena Gomez & The Scene",8,0
"Las Hermanitas Nunez",8,0
"Vagon Chicano",8,0
"6LACK",8,11
"The Neighbourhood",8,0
"Kylie Minogue",8,57
"Aaron Tippin",8,13
"Prince  & The N.P.G.",8,0
"Young Ed",8,0
"Full Force",8,0
"Los Pasos De Julión",8,0
"Promo Only",8,0
"El Super Show de los Vaskez",8,0
"DJ FUNKYBEE",8,0
"Los Plebes del Rancho de Ariel Camacho",8,0
"Denzel Contreras",8,0
"Gresby Race Nash",8,0
"Brandon Jenkins",8,0
"Sam Ryder",8,5
"Toosii",8,12
"Tracie Spencer",8,1
"Richgenix",8,0
"Calibro 40",8,0
"Eric Bellinger",8,31
"Christophe Battaglia",8,0
"Benja Melody",8,0
"DJ Carbozo",8,0
"Bootsy Collins",8,0
"Bing Crosby",8,0
"Afro B",8,0
"Outgrown",8,0
"Tendencia",8,0
"Disco Fever",8,0
"Pacifik",8,0
"Head High",8,0
"Sanctus Real",8,1
"discObeta",8,0
"Jamey Perrenot",8,0
"Grupo Kcamaro NR",8,0
"Wade Hayes",8,1
"Mack Brock",8,0
"Kygo",8,10
"The God 720",8,0
"Zacari",8,0
"Alberto Vazquez",8,0
"24-K",8,0
"Kelly Willis",8,1
"Kam KT",8,0
"Bruno Dandrimont",8,0
"IAmChino",8,0
"Adriano Celentano",8,0
"Dj Smoke",8,0
"Maxd",8,0
"Grey",8,0
"Los Pedernales",8,0
"Chrisette Michele",8,14
"Gabriel Saban",8,0
"Rosemary Clooney",8,0
"LiL Joe CEO",8,0
"Luis Y Julian",8,0
"King Of Bass",8,0
"Hennizi Da Don",8,0
"Various",8,0
"Steve Lawrence & Eydie Gorme",8,0
"A$AP Rocky",8,1
"Kenny Rogers",8,0
"Binita Sherpa",8,0
"SpotemGottem",8,0
"Voces Del Rancho",8,0
"Los Babys",8,0
"Rae Sremmurd",8,4
"2 Unlimited",8,1
"Nate Jeezy",8,0
"Leo Rodriguez",8,0
"Huey Lewis",8,0
"Ted Nugent",7,6
"Los Moonlights",7,0
"Marvin Sapp",7,4
"Charlie Muiño",7,0
"Chavela Y Su Grupo Express",7,0
"4le6",7,0
"Khea",7,1
"Deitrick Haddon",7,0
"Rafa Pabön",7,0
"Valentina Leyva",7,0
"Los Acme",7,0
"Blvd Eno",7,0
"Jovanny Cadena Y Su Estilo Privado",7,0
"Carmen Rivero Y Su Conjunto",7,0
"The Spinners",7,27
"Dj Johan",7,0
"DJ Juanchii",7,0
"Eric Chevalier",7,0
"Bébé DJ",7,0
"Ball Brothers",7,0
"Steveland",7,0
"Sonora Altepexana",7,0
"Robert Mendoza",7,0
"Manoella Torres",7,1
"SlamHammy",7,0
"G-Mix",7,0
"Leerics of Life",7,0
"Matt Stell",7,8
"Johnny Cash",7,0
"Los Aguilar",7,2
"Facu Infante Ar",7,0
"Kennaden",7,0
"Los Leones Del Norte",7,0
"Ray J",7,18
"Marcos Gatica DJ",7,0
"Tony Modicano",7,0
"Orchestra Heinz Hötter",7,0
"Midnight Star",7,3
"Nikki Lane",7,11
"Debra Laws",7,0
"DC",7,0
"Precious",7,0
"DJ Thomy",7,0
"Ms. Lauryn Hill",7,3
"Marc Cohn",7,18
"Bobby Caldwell",7,0
"Simon & Garfunkel",7,0
"La Tropa Vallenata",7,0
"Jimmy Durante",7,0
"Dj Axel",7,0
"Las Hermanas Núñez",7,0
"Julia Palma",7,0
"Traditional",7,0
"Corb Lund",7,40
"Stardust",7,0
"Dustin Perkins",7,0
"Grupo Yndio",7,0
"Christine D'Clario",7,3
"Staffan Carlén",7,0
"2 Live Crew",7,1
"Hector El Father",7,0
"Monchy & Alexandra",7,0
"Ed Burleson",7,0
"Meezy SG",7,0
"Layup",7,0
"Luny Tunes",7,0
"DJ BomaNdoki",7,0
"Little River Band",7,67
"The Game",7,10
"Uziel Payan",7,0
"Dale Watson",7,7
"Kid Cudi",7,6
"The Raconteurs",7,0
"Brian Adams",7,0
"Rodney Crowell",7,11
"Pastor Lopez",7,0
"Cam'ron",7,3
"bauti bory",7,0
"Steve Earle",7,24
"Sinoptic International",7,0
"Lo Diggs",7,0
"Sound Machine",7,0
"Steve Lacy",7,1
"Romeo",7,0
"Banda Vallarta Show",7,0
"Ikson",7,0
"DJ Revolution",7,0
"Hoodfellas",7,0
"Splack Pack",7,0
"The Original Brothers",7,0
"Billy Blue",7,0
"La Tiktoker",7,0
"Chacal",7,0
"Kate Bush",7,0
"Blaine Bailey",7,0
"Pola DJ",7,0
"Autograph",7,0
"DJ Duro Show",7,0
"Lupillo Rivera",7,1
"Ikoliks",7,0
"Orgullo Sucio",7,0
"El Nikko DJ",7,0
"Lita Ford",7,19
"Los Rayos de Chuy Luviano",7,0
"T. Rex",7,0
"Joe Arroyo",7,0
"Glen Campbell",7,0
"Adán Zapata",7,0
"JUNIOR H",7,1
"Stevie Ray Vaughan & Double Trouble",7,0
"Mario Saucedo",7,0
"Clean Bandit",7,7
"Modjo",7,0
"John Francis Campbell Ross",7,0
"Dej Loaf",7,15
"D'Angelo",7,2
"DJ Sammy",7,0
"The Zombies",7,8
"Alexander Flow DJ",7,0
"Marc Ferrari",7,0
"DJ Fran Saravia",7,0
"CAKE",7,34
"Alan Parsons Live Project",7,12
"Killa Dude",7,0
"Vedo",7,2
"The Buggles",7,0
"Nitty Gritty Dirt Band",7,62
"Andra Day",7,0
"Jotadejota",7,0
"Static Major",7,0
"Pheelz",7,0
"DonSolo",7,0
"Paco Barrón Y Sus Norteños Clan",7,0
"Mya",7,7
"BarlowGirl",7,0
"Aldo Trujillo",7,2
"Angel Castilla",7,0
"Billo's Caracas Boys",7,0
"Hëctor Montemayor",7,0
"Don Avozinho",7,0
"Thomi DJ",7,0
"Da'Ron Allen",7,0
"Cece Peniston",7,3
"Atomica Music",7,0
"Hetal",6,0
"Chichee",6,0
"Martin Schuster",6,0
"Cam",6,0
"Nine Inch Nails",6,35
"Dj Dharson",6,0
"TigrE DJ",6,0
"Tropicalísimo Apache",6,0
"Hunxho",6,19
"The Iron Bees",6,0
"gnash",6,0
"Blue Water Highway",6,3
"Sonia López",6,0
"Tamborazo Viva México",6,0
"Jason Eady",6,4
"Banda Rancho Viejo",6,0
"DJ Uncle Al",6,0
"Fatboy Slim",6,12
"Los Saylors",6,0
"Clickz",6,0
"Los Nuevos Elegantes",6,0
"Lalo Schifrin",6,0
"Epidemiks",6,0
"David Zaizar",6,0
"Jon B.",6,24
"Drive",6,0
"Beto Y Sus Canarios",6,0
"Gerald Albright",6,16
"The Brian Setzer Orchestra",6,0
"DJ Martin V",6,0
"Christopher Williams",6,2
"Taco",6,0
"Jimmy Luxury",6,0
"Los Acosta",6,8
"Lil Nas X",6,0
"101fedo",6,0
"Mazz",6,0
"Wynn Williams",6,1
"James Nathan Jeremy Jones",6,0
"Johnny Kemp",6,0
"Million Dan",6,0
"Grupo Libra",6,0
"Zane Williams",6,0
"Los Relámpagos del Norte",6,0
"Meño Lugo",6,0
"Giovannie and The Hired Guns",6,43
"Chico Che y la Crisis",6,0
"DJ Triple Exe",6,0
"DJ Battle",6,0
"Los Aguirre",6,0
"XXXTENTACION",6,0
"Joyner Lucas",6,23
"JMRodriguez",6,0
"José Luis Gazcón",6,0
"H-Town",6,3
"david dlc",6,0
"Proxximite",6,0
"Billy Dean",6,7
"Jordan Smith",6,0
"Sammy Cahn",6,0
"Julie May",6,0
"Sleepy Hallow",6,11
"Bushy B",6,0
"Stereo MCs",6,2
"Disturbing Tha Peace",6,0
"The SteelDrivers",6,33
"Banger",6,0
"Bryan Richard",6,0
"Rheyz",6,0
"Jadakiss",6,0
"ODB",6,0
"El Gran Combo",6,0
"Marley Negroe",6,0
"Jule Styne",6,0
"Rising",6,2
"Landosous",6,0
"Haircut 100",6,16
"Chuy Luviano",6,0
"Richard Daryl Osborn",6,0
"Dj Miri",6,0
"BeBe Winans",6,2
"Paul Cauthen",6,32
"Todd Rundgren",6,63
"Kimberley Locke",6,0
"Surditto DJ",6,0
"Zona Instrumental",6,0
"Skull and Bones",6,0
"Dapo Marino",6,0
"Kevin Sharp",6,0
"Blvck Ceiling",6,0
"Josh Gracin",6,0
"Googloid",6,0
"Hermanos Vega Jr.",6,0
"Greta White",6,0
"Cumbias Poblanas",6,0
"Freshinho DJ",6,0
"Apollo LTD",6,0
"Rick Derringer",6,0
"A$AP Ferg",6,0
"Lukas Nelson and Promise of the Real",6,17
"Boz Scaggs",6,3
"Marito Rivera",6,0
"Bow Wow Wow",6,29
"DJ YomC",6,0
"Parker Millsap",6,16
"Fidel Rueda",6,0
"Sniper Gang",6,0
"Raul RR'S",6,0
"Alison Moyet",6,27
"humberto dlc",6,0
"Los Carlos",6,0
"Luis Coronel",6,14
"Jars of Clay",6,0
"Zato DJ",6,0
"Voices of Christmas",6,0
"Keith Blainville",6,0
"Foxxi",6,0
"Loretta Lynn",6,0
"Vikki Carr",6,0
"Eartha Kitt",6,0
"Lennox",6,1
"Dan Fogelberg",6,0
"Anderson Palacios",6,0
"Meat Loaf",6,0
"Yo Gotti",6,2
"DJ KN DO SJ",6,0
"Jim Steinman",6,0
"The Rallies",6,0
"Ol' Dirty Bastard",6,0
"The Tommy Rome Orchestra",6,0
"David Marsden",6,0
"DJ GROOT",6,0
"La Casetera",6,0
"Lou Bega",6,0
"Cheryl Lynn",6,0
"Sunday Service Choir",6,0
"Randy Rogers",6,0
"Asem",6,0
"Henry Parsley",6,0
"Banda Rancho Viejo De Julio Aramburo La Bandononona",6,0
"Quarterflash",6,0
"Sheff G",6,0
"МиДо",6,0
"Tyler Halverson",6,10
"Los Sierrenos De Sinaloa",6,0
"Francisco ""Charro"" Avitia",6,0
"Race Ricketts",6,0
"Matilde Sánchez ""La Torcacita""",6,0
"Joey Green",6,0
"Mercedes Castro",6,0
"Amy Winehouse",6,0
"Party Tyme Karaoke",6,0
"Mandisa",6,0
"Risad Remix",6,0
"MattOfficiel",6,0
"The Plimsouls",6,4
"TheEarthlings",6,0
"Jax Jones",6,2
"Lil Boosie",6,0
"Kevin Cronin",6,44
"Larry Hernandez",6,3
"Jessica Andrews",6,0
"Fireboy DML",6,2
"Traffic",6,0
"Rock n Ghena",6,0
"YB",6,0
"Clave Especial",6,0
"Bam Gasanova",6,0
"Del Amitri",6,2
"Los Horóscopos De Durango",6,0
"Old Crow Medicine Show",6,40
"Mel Tormé",6,0
"Mojado",6,0
"Third Day",6,0
"Duo: Ramos - Monterrubio",6,0
"Dflow",6,0
"will.i.am",6,0
"Kody West",6,9
"Los Diablos",6,0
"Roberto Herrera",6,0
"Lombana Dj",6,0
"Nephew Tommy",6,0
"DJ Feedo",6,0
"Zito Dj",6,0
"San San",6,0
"Jonathan Traylor",6,1
"Rose Anna",6,0
"Missing Persons",6,7
"Martin SDj",5,0
"ALAN RMX",5,0
"Atlanta Rhythm Section",5,7
"Salsa Brava",5,0
"Vertical Worship",5,0
"Matias Deago",5,0
"Rob Zombie",5,5
"Mary Chapin Carpenter",5,47
"Keller Cox",5,0
"KYLE PARK",5,1
"Lili Zetina",5,0
"The Wallflowers",5,89
"Jd Muliki",5,0
"Mooski",5,0
"OJ Da Juiceman",5,0
"Alistair Bruce Henry Friend",5,0
"Billy Joe Shaver",5,0
"Red Rider",5,0
"Josh Wilson",5,0
"James Brown",5,0
"Diplo",5,37
"The Philly Specials",5,0
"Bryce Leatherwood",5,7
"Šuljo",5,0
"Point of Grace",5,0
"Dani Cejas",5,0
"Molly Hatchet",5,13
"Vance Joy",5,21
"The Gap Band",5,1
"Robert Plant",5,12
"DJ Covers",5,0
"The Hit Crew",5,0
"Shaila Dúrcal",5,0
"Rihki Kennebrew",5,0
"Lisa Loeb & Nine Stories",5,0
"BorderKid",5,0
"Prince the King",5,0
"Pony Bradshaw",5,28
"Koffee Brown",5,2
"conejo",5,0
"Luis Alfonso Partida ""El Yaki""",5,0
"Armonia 10",5,0
"The Cataracs",5,0
"The Black Keys",5,41
"Sonique",5,11
"Neron Delta",5,0
"Guordan Banks",5,0
"Y U N G S I B",5,0
"Street Skolla",5,0
"Mahu Dj",5,0
"Xent",5,0
"El Palomo Y El Gorrión",5,0
"Angélica María",5,0
"DJ Tim",5,0
"li Three",5,0
"Dj Ro",5,0
"Dylan Gossett",5,44
"Fernando & Sorocaba",5,0
"Crazy Horse",5,4
"Dylan Schneider",5,12
"Los Tecolines",5,0
"Musical Youth",5,14
"TINI",5,0
"Terri Clark",5,15
"Latin Band",5,0
"10cc",5,7
"James Gang",5,0
"Surf Mesa",5,5
"White Town",5,0
"Harry Grover",5,0
"Jon Presstone",5,0
"Distintos De Tierra Caliente",5,0
"Hermanos Carrion",5,0
"Trey Lorenz",5,0
"Maggie Antone",5,13
"Popcorn",5,0
"EL MESWY",5,0
"Banda Zeta",5,2
"Prophets and Outlaws",5,0
"Carl Carlton",5,0
"DJ Lopetoms",5,0
"Ted Brett Barnes",5,0
"Walt Wilkins & the Mystiqueros",5,0
"Keith Whitley",5,0
"G-Eazy",5,36
"Chyno Miranda",5,0
"Mark Stephen Cousins",5,0
"Lisa Lopez",5,0
"Quiz",5,0
"Lee7",5,0
"Jason Gray",5,1
"TikTok Viral",5,0
"James Brett",5,0
"Meredith Andrews",5,0
"Artis Ivey, Jr.",5,0
"April Wine",5,36
"The Original Orchestra",5,0
"Salvador Casais",5,0
"Leandro Ríos",5,0
"Los Enanitos Verdes",5,12
"Arrested Development",5,2
"Kim Petras",5,4
"Badflower",5,40
"Banda Los Sirolas de Culiacán",5,0
"Liquid Audio",5,0
"Judy Garland",5,0
"Larry Sanders",5,0
"Dj Ksa Officialx",5,0
"Tabata",5,0
"Texas Tornados",5,0
"Grupo Fernandez",5,0
"Schoolboy Q",5,8
"Toby Guu",5,0
"Clarence Reed",5,0
"The Karaoke Studio",5,0
"Lucero",5,39
"Earl Sweatshirt",5,1
"Simon Harris",5,0
"P.M. Dawn",5,0
"Mr. Lil One",5,0
"Doug Rasheed",5,0
"Kevin Ross",5,7
"Paul Reeves",5,0
"Damian Marley",5,21
"Blanco Loco",5,0
"Eric Benet",5,26
"The Byrds",5,0
"Rainbow",5,0
"September",5,0
"West Texas Exiles",5,0
"Jowell",5,6
"Jona Mix",5,0
"Dj Stylex",5,0
"Chaka Demus",5,2
"Los Razos",5,0
"Dj Josh",5,0
"Austin Allsup",5,0
"Soundtrack",5,0
"Nu Shooz",5,0
"I Cut People",5,0
"Jim Fripp",5,0
"Najee",5,11
"KYH brinks",5,0
"DJ Juice",5,0
"Saf Man",5,0
"DY",5,0
"Marcelo y Aurelia",5,0
"Dj Towa",5,0
"Runaway June",5,0
"DJ Nazil",5,0
"Blues Traveler",5,47
"Tinashe",5,14
"Banda Sinaloense El Recodo De Cruz Lizarraga",5,0
"Brian Courtney Wilson",5,0
"Slaid Cleaves",5,0
"CHIA",5,0
"Squeeze",5,4
"Gary Clark Jr.",5,63
"Regido",5,0
"Manuel Armstrong",5,0
"ian chu",5,0
"Far East Movement",5,0
"Lee Ritenour",5,17
"Tomi DJ",5,0
"ETA",5,0
"Xteven",5,0
"Toni Halliday",5,0
"Sevyn Streeter",5,0
"Alvin & The Chipmunks",5,0
"Mr.Pmn",5,0
"Pareci2",5,0
"The O'Jays",5,14
"Patrick Prouty",5,0
"House Of Pain vs. Micky Slim",5,0
"Whitey Morgan and the 78's",5,5
"LIL RIZZY$",5,0
"Deftones",5,37
"Tommee Profitt",5,1
"Demax Dj",5,0
"Marsha Ambrosius",5,32
"Wall Of Voodoo",5,0
"La Nueva Rebelión",5,0
"Lee Wilson",5,0
"Mario Lora",5,0
"Yolanda Adams",5,4
"Sky Rompiendo",5,0
"Native Beach",5,0
"Janis Joplin",5,0
"Norman Carter",5,0
"Monaleo",5,0
"Los Fugitivos",5,0
"Raphaël Chassin",5,0
"Young",5,5
"Baby Rasta",5,0
"Matthew Murray",5,0
"Costa Chica",5,0
"Shubham Rangra",5,0
"Salsa Tropical",5,0
"Kat Hasty",5,0
"Sister Sledge",5,13
"I AM THEY",5,0
"Mari Tang",5,0
"Off the Record Karaoke",5,0
"JVKE",5,0
"Johnny Rivers",5,0
"Rehnasha R S",5,0
"Grupo Niche",5,11
"Los Titanes De Durango",5,0
"Brazeros Musical De Durango",5,0
"Captain Joz",5,0
"Erica Campbell",5,11
"DJ Italia",5,0
"Dimitri Vegas",4,3
"LUDMILLA",4,2
"Dj Sav",4,0
"The Unlikely Candidates",4,17
"James Corden",4,0
"Big Punisher",4,0
"Max Stalling",4,1
"Arta",4,0
"Andrew Murray",4,0
"Laura Pausini",4,6
"DJ Kush",4,0
"M83",4,0
"NLE The Great",4,0
"Steve Vai",4,50
"Yc",4,2
"Augie Rios",4,0
"Los Bondadosos",4,0
"Cosculluela",4,0
"Los Saylor's",4,0
"Ro James",4,24
"Hootie And The Blowfish",4,0
"Carly Simon",4,0
"Dj Quick",4,0
"Mario Bautista",4,1
"Kellie Pickler",4,0
"Musica para Estudiar",4,0
"Ray Parker Jr.",4,0
"Noriega",4,0
"Killwhitneydead",4,0
"Luke Miltenburg",4,0
"The Blues Brothers",4,1
"Hannah Kerr",4,0
"Kavi Synatra",4,0
"Clinton Sparks",4,0
"DJ Nahuel Gonzalez",4,0
"Ian Nickus",4,0
"God Lives Underwater",4,0
"Shop Boyz",4,0
"Kendo Kaponi",4,0
"Lil Naay",4,0
"Emir Boscan Y Los Tomasinos",4,0
"Brenda K. Starr",4,2
"Ello. C",4,0
"Henny B",4,0
"Daffy",4,0
"Harry Valentine",4,0
"Canned Heat",4,2
"Dj Paradox RLP",4,0
"Heavy D & The Boyz",4,0
"Anna Kendrick",4,0
"Candyman",4,3
"Matthew Lawrence",4,0
"Coko",4,0
"American Authors",4,1
"Ted B. Barnes",4,0
"Qua the King",4,0
"ATEEZ",4,13
"Ruff Endz",4,1
"Rick & Bubba",4,0
"Los Rojos",4,0
"Eddy Pradelles",4,0
"Al B. Sure!",4,0
"The Stylistics",4,26
"Arijit Singh",4,0
"Brian Burns",4,0
"Ten Years After",4,0
"Shabba Ranks",4,0
"DJ SevenStyle",4,0
"Downhere",4,0
"Key-Key",4,0
"Digital Underground",4,2
"The Supremes",4,0
"Cliff Richard",4,9
"Mach & Daddy",4,0
"Carl Thomas",4,5
"Lo Mejor del Rock de los 80",4,0
"Ashtraylol",4,0
"Mickael Carreira",4,0
"Bill Withers",4,0
"Mad Cobra",4,0
"David Leonard",4,0
"John Williams",4,5
"Tasha Cobbs Leonard",4,26
"LANCO",4,4
"Tanya Tucker",4,9
"Captain Hollywood Project",4,0
"Gareth Thomas",4,0
"Melvin Crispell III",4,0
"Chad Brock",4,0
"Zooey Deschanel",4,0
"Srob",4,0
"Masire",4,0
"Is0kenny",4,0
"The Brothers CHRIST",4,0
"Eric De La Torre",4,0
"Jamestown Revival",4,4
"The Firm",4,0
"The Rascals",4,10
"Danny Boy",4,0
"David Muir",4,0
"Young Dolph",4,0
"Aino Jawo",4,0
"Rendy",4,0
"Jefferson Starship",4,43
"Víctor Manuelle",4,7
"Haze",4,0
"Craig Linder",4,0
"Andy B",4,0
"Leela James",4,12
"Linsey Davis",4,0
"Lani Blue",4,0
"Bonehead",4,0
"Young Bower",4,0
"Kelis",4,0
"Crime Mob",4,0
"Martin Y Malena",4,0
"Xeno Z",4,0
"Julión Álvarez",4,0
"Eduard Mix TMR",4,0
"Blind Faith",4,0
"Tommy Valles",4,0
"DJ Alan Gomez",4,0
"BSGFAII",4,0
"Old School",4,0
"Germán Montero",4,0
"Jose E Sanchez Jr",4,0
"Sarapura",4,0
"Ron Funches",4,0
"Rotimi",4,18
"Tristan Roberson",4,0
"Luis Perez Meza",4,0
"Don McLean",4,9
"Alex Rivera",4,0
"The Power Station",4,0
"Harry Chapin",4,1
"Confederate Railroad",4,4
"DJ Young Samm",4,0
"Flapjackers",4,0
"Cedric Gervais",4,5
"Kenneth G",4,0
"Lee Greenwood",4,11
"Emanuel Kallins",4,0
"ILLIT",4,0
"Adverzo",4,1
"CHRISTIANRMX",4,0
"DJ Play",4,0
"Los Cadetes De Lineres",4,0
"Dionne Warwick",4,21
"NLE Choppa",4,29
"Sonia Lopez",4,0
"John Blunt",4,0
"Jeff Foxworthy",4,0
"Ampsaw",4,0
"Carole King",4,0
"Sly Fox",4,0
"Ferrodj",4,0
"Sunfly Karaoke",4,0
"Psychological Backlash",4,0
"The Karaoke Channel",4,0
"Arthur Hanlon",4,2
"Grupo Toppaz De Reynaldo Flores",4,0
"Morcheeba",4,2
"Eric Prydz",4,11
"DJ Mike Drop",4,0
"Monty",4,0
"Donnie McClurkin",4,5
"Julien Vonarb",4,0
"JANE HANDCOCK",4,0
"Burd Brain",4,0
"Hans Kiening",4,0
"Alice Deejay",4,0
"Calico",4,0
"La Firma",4,0
"Rock Stars",4,0
"Family Kush",4,0
"Revolver Cannabis",4,0
"Roberto Carlos",4,7
"Egg Nog",4,0
"Retoños Del Rio",4,0
"Shooter Jennings",4,0
"The Choir Room",4,0
"Shazam Conner",4,0
"Vilu Gontero",4,0
"Dj Buddha",4,0
"Axel Caram",4,0
"Dj Teeo",4,0
"Organic Scene",4,0
"Neil Young",4,46
"David Archuleta",4,1
"DJ Yoshi's",4,0
"Robbie Anthem",4,0
"W&W",4,0
"Donnie Iris",4,2
"DJ Geezy",4,0
"Jeremy Sweet",4,0
"The Lennon Sisters",4,0
"The Pretenders",4,3
"Zapp",4,3
"A Taste of Honey",4,1
"Lil Kim",4,7
"Level 42",4,34
"Bear Rinehart of NEEDTOBREATHE",4,0
"Girl Talk",4,10
"Dj Pool Store",4,0
"DJ Anghelo",4,0
"Brian Flores",4,0
"Fool.I.S.H.",4,0
"Noriel",4,0
"B.J. Thomas",4,0
"Levis Remix",4,0
"Victor Cibrian",4,0
"wok3z",4,0
"Eugenio Esquivel",4,0
"Beaver Brown",4,0
"Edward Elgar",4,0
"Z-Trip",4,0
"Almighty",4,0
"Candido",4,0
"Sebastian Esquivel",4,0
"Jacob Forever",4,0
"Blac Youngsta",4,0
"Sisqó",4,0
"Johnny Winter",4,0
"Land-Stage",4,0
"Adam Saunders",4,0
"Radio Thunder Djs",4,0
"Shamrin (Fotograf)",4,0
"Vlatz",4,0
"Days Of The New",4,0
"Earl Klugh",4,0
"Jason Nelson",4,0
"Baladas",4,0
"The Devil Makes Three",4,23
"Ricardo Arjona",4,0
"Kamala Harris",4,0
"BLACKPINK",4,12
"DJ Alan Quiñonez",4,0
"Remy Ma",4,2
"Michael Boggs",4,0
"Tidiet",4,0
"The Beat",4,0
"Spacehog",4,8
"Ricochet",4,0
"Ownrange Productions",4,0
"Banda La Jaripera",4,0
"DrizzleDreJr",4,0
"Al Jarreau",4,0
"Los Strwck",4,0
"GGL Music Group",4,0
"Raggo Zulu Rebel",4,0
"The Youngbloods",4,0
"DJ Ab",4,0
"Terror Squad",4,0
"The Knights Templar",4,0
"Bob Schneider",4,22
"Joann Herrera",4,0
"Cooder Graw",4,0
"Larry Fleet",4,62
"Troop",4,1
"Keb Mo",4,37
"Martin Kierszenbaum",4,0
"Caroline Hjelt",4,0
"Firefall",4,1
"Los Broncos de Reynosa",4,0
"Spinners",4,0
"SAMY JEBARI",4,0
"Billy Young",4,0
"Fifth Harmony",4,0
"Accept",4,5
"Dj Gato",4,0
"Jorge Negrete",4,0
"Marques Houston",4,0
"Andy Meadows",4,0
"Alejandro Lira",4,0
"2Gunn Kevi",4,0
"FoxY",4,0
"LilRob",4,0
"Blxst",4,2
"Green River Ordinance",4,1
"MZIKA MIX",4,0
"Kunal Nayyar",4,0
"Changing Faces",4,5
"GELO",4,0
"Honda Remix",4,0
"Donald Trump",4,0
"Michael Bonanno & Friends",4,0
"Diego Torres",4,4
"Meta Four",4,0
"Capella Grey",4,1
"Dalton Domino",4,0
"Vybz Kartel",4,6
"Raymix",4,0
"Duck Sauce",4,1
"UNDERscore Music Library",4,0
"Bob Rivers",4,0
"Garni",4,0
"The Great Divide",4,4
"Kumar Sanu",4,3
"Christopher Mintz-Plasse",4,0
"Jekalyn Carr",4,2
"Rockell",4,1
"Yuna",4,0
"Dj Armz",4,0
"Crucial Valor",4,0
"Nicola Fasano",4,0
"Pink",4,2
"Rare Earth",4,1
"Annakin Slayd",4,0
"Shaver",4,0
"Just Like Heaven",4,0
"Ringo Starr",4,27
"Zayion McCall",4,0
"Sarah",3,0
"Steve Hackett",3,43
"Pedro Vargas",3,0
"Lorrie Morgan",3,30
"DJariium",3,0
"Young M.A",3,0
"Sistek",3,0
"Daniel Caesar",3,4
"Chris Stonny",3,0
"Procol Harum",3,0
"Stacey Q",3,3
"Julieta SW",3,0
"Mariachi Internacional CHG De Gamaliel Contreras Huerta",3,0
"Mark Linett",3,0
"Mr.Cheeks",3,0
"Borrtex",3,0
"Yusuf / Cat Stevens",3,1
"Ultronxon",3,0
"Porter",3,4
"DJ Break",3,0
"Lathun",3,0
"Los Dinámicos Del Norte",3,0
"Amarillo DJ",3,0
"Graycie York",3,0
"Sergio Pardo",3,0
"Conner Smith",3,33
"Aida Cuevas",3,3
"Bow Wow",3,25
"Alma Vasquez",3,0
"C5",3,0
"Big Money Blitz",3,0
"Jae Charles",3,0
"DJ Bianca Lif",3,0
"Beat Record",3,0
"Los Apson",3,0
"F4ST",3,0
"Blaster DJ",3,0
"IamDayLight",3,0
"Christoph Terbuyken",3,0
"Rancheritos del Topo Chico",3,0
"Mojihard",3,0
"Quino Garcia",3,0
"Sounds of Blackness",3,0
"Bri Bagwell",3,2
"Madison Beer",3,31
"The Eagles",3,0
"The Fabulous Thunderbirds",3,22
"Sherline López",3,0
"Dj Bauti Catgenova",3,0
"Norman Brown",3,15
"Ac Money",3,0
"Interpuesto",3,0
"Pecos & The Rooftops",3,54
"Raphael Saadiq",3,4
"Las Marías",3,0
"Xkelet0r Beats",3,0
"DJ Pachi",3,0
"Amina",3,0
"Hunter Hayes",3,27
"William Riddims",3,0
"Pablo Cruise",3,6
"Bud Guin",3,0
"Diego Desanzo",3,0
"Mtume",3,0
"Frosty The Snowman",3,0
"Miriam Solis",3,0
"Kierra Sheard",3,22
"Sushi Brothers",3,0
"Los Chirrines Del Rancho",3,0
"J King y Maximan",3,0
"Gray Ace",3,0
"El Bebeto",3,0
"Ken Ring",3,0
"Velza & Loudness",3,0
"Ben Stone",3,0
"Guardianes del Amor",3,0
"BENR",3,0
"Phenam",3,0
"Reckful",3,0
"Smokey Robinson",3,37
"Dueto Alma Norteña",3,0
"High Valley",3,4
"Los Mismos",3,0
"Aryan Vij",3,0
"Gregg Allman",3,0
"Fulanito",3,0
"Jona Caso",3,0
"Wet Willie",3,0
"Edwin Luna",3,0
"Conjunto Rienda Real",3,0
"Carson Jeffrey",3,2
"Ocean Park Standoff",3,0
"Samurai",3,0
"Gabe Lee",3,5
"Los Nuevos Cadetes",3,0
"Jonathan McReynolds",3,5
"Masicka",3,1
"Walt Wilkins",3,2
"Ian Noe",3,0
"Jessi",3,0
"Fractal Cowboys",3,0
"Echosmith",3,0
"Roshan",3,0
"Jamey Johnson",3,27
"John Mulaney",3,0
"La Trakalosa de Monterrey",3,0
"Blackfoot",3,0
"Albert Hammond",3,0
"Ben Fox",3,0
"Donald Lawrence",3,2
"Graciela Beltran",3,8
"Perreo",3,0
"Larry Walsh",3,0
"Tyler and the Tribe",3,0
"BO Digital",3,0
"Cheat Codes",3,10
"69 Boyz",3,1
"N-Trance",3,3
"Highcloud",3,0
"Boucicaut",3,0
"Debbie Gibson",3,10
"Fuerza De Tijuana",3,0
"Lori McKenna",3,1
"Tommy James and the Shondells",3,21
"Luke Underwood",3,0
"The Alchemist",3,1
"BILLI BOMBIN",3,0
"Tiago Corrêa",3,0
"JPlus",3,0
"Grupo La Kaña",3,0
"Gera MX",3,0
"Lalo Y Los Descalzos",3,0
"Olivier Bibeau",3,0
"Mason Lively",3,1
"Milky Chance",3,4
"Badfinger",3,0
"Spiktakula",3,0
"Sly & The Family Stone",3,0
"Dripavaili",3,0
"NEWTRENDSS",3,0
"Crosby, Stills & Nash",3,0
"MO3",3,0
"Dimitri Leroy",3,0
"嗓音男王",3,0
"Nino Breeze",3,0
"Princess Anne High School Fabulous Marching Cavaliers",3,0
"Troy Aikman",3,0
"Alan Walker",3,6
"Drip$tick",3,0
"Dave Fenley",3,9
"The Blue Rubatos",3,0
"Camila",3,7
"K.Bankston",3,0
"Frankie Valli And The Four Seasons",3,38
"Tone$",3,0
"Los Pasteles Verdes",3,0
"Fastball",3,43
"J.R. Allen",3,0
"Franco de Vita",3,0
"Paul Carrack",3,4
"Grupo Jalado",3,0
"Donovan",3,0
"JMack",3,0
"DJ Dirty Dave",3,0
"Emmanuel",3,5
"Josh Weathers",3,0
"Errol Massive",3,0
"Musikarios",3,0
"Elroy Moolhuijzen",3,0
"Cali Y El Dandee",3,0
"Tasha Cobbs",3,0
"Dr. Evil",3,0
"Escolta De Guerra",3,0
"Young MC",3,4
"Melissa Helser",3,0
"Joni Mitchell",3,0
"Todd Snider",3,1
"DJ Buzz Fuzz",3,0
"Kerrie Roberts",3,0
"Fran Garro",3,0
"Bob Sinclar",3,0
"Esperanza Spalding",3,3
"Agustín Arnedo",3,0
"Heatwave",3,5
"OG Bobby Billions",3,0
"Block & Crown",3,0
"Yung Joc",3,3
"Frank Ocean",3,0
"Mavado",3,2
"BlackHawk",3,4
"Tone Loc",3,2
"Charlie Daniels",3,0
"SkinBone",3,0
"Dillon Chase",3,0
"Los Dinamicos Del Norte",3,0
"Cuete Yeska",3,0
"Mason & the Gin Line",3,0
"Natalie Grant",3,13
"Eddy Herrera",3,0
"Michael Smith",3,0
"Hervé BOURGEOIS",3,0
"Clar in Dark Band",3,0
"Richardsd",3,0
"Chino & Nacho",3,0
"Soulja Boy Tell'em",3,0
"DJ Tony",3,0
"ESG",3,3
"The Monkees",3,0
"P1Harmony",3,11
"Traveling Wilburys",3,0
"Hermanas Lima",3,0
"Oktober Zero",3,0
"Charli XCX",3,24
"DJ Electro",3,0
"Víctor Y Fina",3,0
"5SecondDecider",3,0
"Damn Yankees",3,0
"Black Dada",3,0
"Blink",3,0
"Ashley McBryde",3,74
"Bring Me The Horizon",3,17
"Los Amables Del Norte",3,0
"Fred Hammond",3,9
"Nick Fiorucci",3,0
"Quad City DJ's",3,0
"Fan Erh Lin",3,0
"Brownstone",3,0
"Dave Matthews Band",3,62
"Cheech & Chong",3,0
"Big Derir",3,0
"Los Socios del Ritmo",3,3
"DJ Alex",3,0
"Todd Dulaney",3,2
"Glenn Miller Orchestra",3,41
"Jill Scott",3,1
"Fouda",3,0
"Richey",3,0
"Lety Lopez",3,0
"The Latin Brothers",3,0
"Joseph Prielozny",3,0
"Mouse Powell",3,1
"The Carters",3,0
"La Rondallita",3,0
"Garden of Delight",3,0
"Ivan Armesto",3,0
"Yungblud",3,1
"ADG",3,0
"SUNMI",3,0
"Bad Habitat",3,0
"Jessica",3,0
"Las Vecinas y Conjunto los Arqueros de la Vecindad",3,0
"Yvng Gahd",3,0
"Cole Chaney",3,22
"Krayzie Bone",3,1
"Ralph Tresvant",3,0
"Hans Zimmer",3,12
"Les Accros",3,0
"Fuego",3,0
"Granger Smith",3,0
"Marvin Fox",3,0
"Loïc Bigras",3,0
"Mott the Hoople",3,0
"Goldfinger",3,2
"Mike Sajic",3,0
"Gerry Rafferty",3,0
"David Tobin",3,0
"DJ Punisher",3,0
"Beatz Aboelezz",3,0
"Eddie Santiago",3,0
"Young The Giant",3,28
"Daryle Singletary",3,0
"Michel'le",3,4
"The Emotions",3,0
"Dj Aaron Risco",3,0
"Dominic Glover",3,0
"Jonathan David Helser",3,0
"Hoyt Axton",3,0
"Kyla",3,0
"Jacob Stelly",3,7
"Damon Paul",3,0
"Mister Remix",3,0
"Rex Orange County",3,0
"Banda El Recodo De Cruz Lizárraga",3,0
"sleepycallz",3,0
"Trinix Remix",3,0
"BearStockMusic",3,0
"Zaya Leeard Ley",3,0
"Giuliano Cobuzzi",3,0
"Josh Gomez",3,0
"Mandingo",3,0
"Sinay X Meckra",3,0
"Phreeda Sharp",3,0
"Lyle Lovett",3,46
"Stars Go Dim",3,0
"Gozadera",3,0
"Simon James",3,0
"Les Twins",3,0
"Chav Rez",3,0
"Ozark Mountain Daredevils",3,18
"Charles Brown",3,0
"Nardo Wick",3,26
"David Ball",3,0
"Los Farmerz",3,0
"Los Rancheritos de Topo Chico",3,0
"Randy Sharp",3,0
"DJ Ram",3,0
"Avery Storm",3,0
"Iron Maiden",3,10
"Beatriz Montes",3,0
"Khs",3,0
"Rob Costlow",3,0
"Looking Glass",3,0
"Campeche Show",3,0
"The Verve Pipe",3,9
"The Grass Roots",3,5
"Massore",3,0
"Jim Messina",3,8
"John R Miller",3,18
"PMJ",3,0
"Maxi Jayat",3,0
"I-20",3,0
"DJ NEF",3,0
"The Vapors",3,18
"David Edward Holden",3,0
"Los Razos De Sacramento Y Reynaldo",3,0
"SHJ!",3,0
"Luis y Julián",3,0
"Wavop",3,0
"Susanna Hoffs",3,1
"MistaTBeatz",3,0
"DJ X-Change",3,0
"Ashley Deyj",3,0
"Hugel",3,15
"B.B. King",3,0
"The Steel Woods",3,4
"Starpoint",3,0
"Eweezy",3,0
"Bacilos",3,1
"Vextor",3,0
"Uriah Heep",3,15
"DJ MIGAN",3,0
"袁乐乐",3,0
"Adolf Schroeder",3,0
"Anthony Brown & group therAPy",3,0
"Killer Mike",3,3
"Los Ases De Durango",3,0
"Gladys Knight & The Pips",3,0
"DJ Dansco",3,0
"O.T. Genasis",3,0
"Two Tons Of Steel",3,1
"Crumbs",3,0
"Fabien COLELLA",3,0
"Fade Dogg",3,0
"David Adam Byrnes",3,0
"Bagdad",3,0
"MSIZI SA",3,0
"Frankie Ruiz",3,0
"F.L.Y. (Fast Life Yungstaz)",3,0
"Tweet",3,7
"Von Hemingway",3,0
"Lincoln Brewster",3,0
"The Teskey Brothers",3,47
"Miel San Marcos",3,2
"Dizzy",3,0
"Winger",3,6
"Pixies",3,87
"Divinyls",3,0
"ASURA",3,0
"Incognito",3,13
"Jermaine Dupri",3,38
"Georgios Lorantakis",3,0
"Tye Tribbett",3,28
"Ben Atkins",3,0
"Mark Lindsay",3,2
"KevinMontanerDj",3,0
"Hannes Gottwald",3,0
"Harry Nilsson",3,0
"Jeff Meegan",3,0
"Erick Willis",3,0
"Yunike",3,0
"Dramarama",3,4
"Farruco",3,0
"The Outsiders",3,105
"Bad Wolves",3,18
"Dj Carlitos",3,0
"The Oak Ridge Boys",3,40
"Eros Marttinez",3,0
"El As De La Sierra",3,0
"2MEAN",3,0
"Steve Aoki",3,51
"Hồ Huy Hải",3,0
"DJ Nativo",3,0
"Iphxne Dj",3,0
"Rob Baird",3,4
"Bebeshito",3,2
"Candlebox",3,7
"Jack Johnson",2,1
"Mo Brandis",2,0
"Ward Davis",2,17
"Kofi Jenkins",2,0
"followJOJOE",2,0
"MIRANDA DJ",2,0
"Sarah Trevino",2,0
"RomeoMusic",2,0
"dreamsoda",2,0
"Fat Kidz Inc.",2,0
"Samuel Castañeda",2,0
"JordanGotSwag",2,0
"Yelawolf",2,40
"Firehouse",2,19
"圈妹",2,0
"Ill Kontix",2,0
"frvnkk",2,0
"Sebaa Maza",2,0
"Jeff Rose",2,0
"Horacio Valdivieso",2,0
"Tacho Aguilar El Lagunero Mayor",2,0
"Volty Las Manos Mágicas",2,0
"Lindsey Buckingham",2,0
"Ty Smith & The Minor Offenses",2,0
"Playful",2,0
"DERYL DODD",2,0
"Jim Chappell",2,0
"Hole",2,0
"José Maria Napoleón",2,0
"Gatlin Johnson",2,0
"Ikon",2,0
"Teddy Pendergrass",2,0
"DJ QUINTEROS MIX",2,0
"Dee Jay Enzo Zalazar",2,0
"M.Fusion",2,0
"Natasja",2,0
"The Five Stairsteps",2,0
"Troye Sivan",2,1
"DJ Pella",2,0
"José José",2,0
"Camilo Sesto",2,0
"Marcia Griffiths",2,0
"Saigon Kick",2,1
"Marlon",2,0
"Karyn White",2,4
"Strawberry Alarm Clock",2,1
"Newsboys",2,33
"Tazty",2,0
"Colt Ford",2,22
"Chacka",2,0
"Jade",2,1
"Manuel Moro",2,0
"Goldtoes",2,0
"Mr. Kuy",2,0
"Mauri Vignolo Dj",2,0
"RONNIMARC",2,0
"UFO",2,0
"Meg Myers",2,6
"Mashonda",2,0
"JT the Bigga Figga",2,0
"Frank Reyes",2,3
"Ritzy Ryan",2,0
"Circuit Nation",2,0
"Le Boeuf",2,0
"Nicolette Utsing Albinus",2,0
"Dr. John",2,0
"Restless Heart",2,0
"The Trap Starz",2,0
"Kuntry",2,0
"Yussel",2,0
"Floetry",2,0
"Caleb Calloway",2,0
"Hombres G",2,26
"Too $hort",2,5
"Jim Gaffigan",2,0
"Romeo Santos Ft Drake",2,0
"Social Distortion",2,28
"Thieving Birds",2,0
"Oates",2,0
"Lyfe Jennings",2,12
"Chimbala",2,0
"DJ Jazzy Jeff & The Fresh Prince",2,0
"Dokken",2,3
"Sleep Theory",2,40
"Barbie",2,0
"J Xavier",2,0
"François - Maxime Boutault",2,0
"Axel García",2,0
"Dj First Mike",2,0
"DJ Morena Flow",2,0
"Stories",2,0
"Death Cab for Cutie",2,32
"Martin Lawrence",2,0
"Pritam",2,0
"Lin-Manuel Miranda",2,0
"Hops & Lila",2,0
"Aldo Monges",2,0
"Dj Fredy Fresco",2,1
"Dj Crazy Mix",2,0
"Belu",2,0
"Giian Pa",2,0
"DJ Hani B",2,0
"S Tha Mogul",2,0
"Amalia Mendoza ""La Tariacuri""",2,0
"The Babys",2,0
"Mario ""El Cachorro"" Delgado",2,0
"Limp Bizkit",2,16
"La Zenda Norteña",2,0
"Chipmunk",2,0
"J.R. Carroll",2,11
"Klangkarussell",2,2
"LOS BUITRES",2,0
"Hamilton, Joe Frank & Reynolds",2,0
"Raphael",2,0
"Deacon Don Dydy",2,0
"Betty Wright",2,0
"Matt Hillyer",2,2
"The Turtles",2,46
"Thalia",2,0
"The James Gang",2,0
"Hezekiah Walker",2,0
"TV Hits",2,0
"Diamond Platnumz",2,0
"Rah Digga",2,0
"The Band",2,0
"Gaston Ramos",2,0
"Nick Brumley",2,0
"Guaguito",2,0
"Le'Andria Johnson",2,3
"Fred Astaire",2,0
"Sophie Ellis Bextor",2,27
"Ratter",2,0
"Dusty Trales",2,0
"Dennis Edwards",2,0
"Snoop Lion",2,0
"Houston",2,0
"Andrek",2,0
"Eric Heber-Suffrin",2,0
"Black Prez",2,0
"Wade Ripka",2,0
"Marco Flores y la Jerez",2,0
"Kigali Beats",2,0
"Aware Worship",2,0
"Jorge Santacruz",2,0
"J.J. Fad",2,2
"Alex Gavanna",2,0
"The Breeders",2,4
"80s Pop Stars",2,0
"CA7RIEL",2,0
"Rodri Diaz",2,0
"Cymatix",2,0
"DJ Diego Alonso",2,0
"Culture Beat",2,0
"3nterline",2,0
"Ariez Onasis",2,0
"Rose Royce",2,6
"Houston Marchman",2,0
"Fred Hammond & Radical For Christ",2,0
"Lil Passion",2,0
"DJ Jazzy Jeff",2,17
"Julio X",2,0
"Enlace",2,0
"Gary Wright",2,0
"Ronnie and the Redwoods",2,2
"kiberkyleb9ka",2,0
"Ken Darby Singers",2,0
"ALIBI Music",2,0
"Bobbi Storm",2,0
"Mike McClure",2,2
"InfaRed",2,0
"Justin Nihiser",2,0
"Jasper R",2,0
"Ideal",2,0
"Larry June",2,2
"Michele Bove",2,0
"Tech Nation",2,0
"Pilot",2,0
"Stephen Teller",2,0
"Lord Tariq",2,0
"Ricardo Montaner",2,1
"Ricky Dillard",2,4
"Climax",2,0
"shahi0",2,0
"Alex Tronic",2,0
"Necrolatry",2,0
"Barby DJ",2,0
"Roxy Music",2,0
"Doobie",2,4
"The Boys",2,0
"The Mars Volta",2,18
"ILUMINADO DJ",2,0
"Arthur Brown",2,0
"Jason Michael Carroll",2,3
"Tommy James",2,3
"Lolo Diaz",2,0
"Terry Zhong 钟天利",2,0
"Yeat",2,3
"Sierra Ferrell",2,95
"Nico Melody",2,0
"Sheila E",2,15
"VillaBanks",2,0
"Rasheeda",2,0
"Reflexiones",2,0
"LOOΠΔ",2,0
"Fats",2,0
"V",2,0
"Alacranes Musical",2,1
"Dj Damian Laimes",2,0
"Wanna One",2,0
"Abtmelody",2,0
"The Replacements",2,0
"Muzaffer toprak",2,0
"Marvin Winans",2,2
"Austin French",2,1
"Il Divo",2,14
"Gladys Knight",2,45
"Zeus Trappin",2,0
"Nicky Monroe",2,0
"Monicka Caley",2,0
"Mariachi de la Ciudad de México de Pepe Villela",2,0
"Worldstar",2,0
"Screaming Trees",2,0
"Agrupacion LatinHits",2,0
"Soul IV Real",2,0
"Dj Chards",2,0
"Austin Paul Jr.",2,0
"Dr. Chantel",2,0
"Los Gorriones Del Topo Chico",2,0
"Alemán",2,0
"Lila Iké",2,5
"Ogfrankie",2,0
"Ables",2,0
"Diomedes Diaz",2,0
"Bobby",2,0
"Eydie Gormé",2,0
"DJ Kool",2,1
"Michael Ellgren",2,0
"Mountain",2,0
"Yez Yez",2,0
"Enzo Barcia",2,0
"Right Said Fred",2,17
"White Lion",2,1
"The Undisputed Truth",2,0
"DJ Mannu Cortez",2,0
"EDF",2,0
"Joe Jackson",2,20
"Mayki Murat Başaran",2,0
"El Super Show De Los Vasquez",2,0
"George Skaroulis",2,0
"Lea Michele",2,14
"Yuri Petrovski",2,0
"BalloonPlanet",2,0
"Soul Coughing",2,15
"Yung Cat",2,0
"Kris Kross",2,0
"Josh Hoyer and Soul Colossal",2,0
"小可",2,0
"DJ Jonathan",2,0
"Young L",2,0
"Jay Jay Juet",2,0
"Common",2,5
"Esteban Siciliano",2,0
"Tito El Bambino",2,0
"Carl Finch",2,0
"los ultimos del topo chico",2,0
"Gamingly",2,0
"TAEYONG",2,0
"Frederic Rene Bernard Sans",2,0
"Casanova Beatz",2,0
"DOOVS",2,0
"Grand Funk",2,0
"Los Dos Cabrones",2,0
"Lemko Michael",2,0
"Sergio George",2,0
"DIDKER",2,0
"Dirty Heads",2,11
"Bob Welch",2,0
"Grouplove",2,28
"Freddie Jackson",2,3
"Ogizzle",2,0
"Party Maestro",2,0
"Ron Mercy",2,0
"Greco DJ",2,0
"Adwentufour",2,0
"DJ Stephany",2,0
"The Escape Club",2,16
"The Kid Plot",2,0
"DJ Jordan",2,0
"Lil Kz",2,0
"Richard Glover",2,0
"Los Soberanos",2,0
"Diana King",2,0
"DJ TTIME",2,0
"City of Stages",2,0
"Charles Stephens III",2,0
"Primus",2,79
"Prolifik",2,0
"D.Boy Swagg",2,0
"Michael Kiwanuka",2,12
"Los Dos Grandes De La Sierra",2,0
"LJQ",2,0
"Hernan D' Music",2,0
"Emus DJ",2,0
"NITEMxRE N A DRExMLxND",2,0
"Fafaq",2,0
"Björk",2,1
"Tropical Caribe",2,0
"Crecer Germán",2,0
"Marcus Patrick",2,0
"Steve Byrne",2,1
"Jung Kook",2,0
"Milosevic Outlaw",2,0
"Gregor Salto",2,0
"Miguel A. Durán (Fuego)",2,0
"Cumbia Killers",2,0
"ZZ Top / Dwight Yoakam",2,0
"Jonathan Irrazabal",2,0
"David Corpus",2,0
"Ides Of March",2,0
"Stray Kids",2,25
"Lil' Flip",2,3
"Harry Matthew Tarlton",2,0
"Gil Scott-Heron",2,0
"Billy Preston",2,0
"Rell frm kinsman",2,0
"Bebe DJ",2,0
"Wes Bayliss",2,0
"LoveIMario",2,0
"Hechizero de Linares",2,0
"Trillville",2,0
"Karamel Kittyy",2,0
"BBY",2,3
"Ylvis",2,0
"Richard Smithson",2,0
"Faces",2,0
"Heyalak Jones",2,0
"Marty Stuart",2,34
"simo gnawi",2,0
"New G",2,1
"A Tribe Called Quest",2,1
"Michael Martin Murphey",2,6
"Pancho Uresti",2,0
"TWICE",2,2
"Rancid",2,0
"Outlaws",2,29
"The Tri-City Singers",2,0
"Lookaz",2,0
"Mungo Jerry",2,0
"Blue Cheer",2,0
"Duke Robillard",2,1
"Hector Acosta El Torito",2,0
"Maryan MG",2,0
"Daniel Prado",2,0
"Paulina Rubio",2,0
"Ez Money",2,0
"Cody Canada",2,2
"One Way",2,0
"John Mayer",2,1
"Sensato",2,0
"J. Gamble",2,0
"Wolverine",2,0
"Tony Logue",2,0
"Kendell Marvel",2,3
"Cahir O'Doherty",2,0
"Don Felder",2,54
"Breland",2,18
"Lucky Kaleem",2,0
"Zacardi Cortez",2,3
"Beverly Hills Cop",2,0
"Casey Donahew Band",2,1
"Jane's Addiction",2,0
"NCT DREAM",2,4
"Naser Al Azzeh",2,0
"Liniker",2,3
"The Bravery",2,0
"Odisea",2,0
"J Alvarez",2,1
"Teddy Riley",2,0
"Btm",2,0
"Sergio Vega",2,0
"Emmylou Harris",2,14
"Maravilloso",2,0
"Moritz Bintig",2,0
"Joe Ely",2,0
"Knox",2,24
"Klymaxx",2,2
"King Kooba",2,0
"Tito Torbellino Jr",2,3
"K. Brown",2,0
"El Gran Combo De Puerto Rico",2,4
"LilReeseEBK",2,0
"Natachampion",2,0
"Jexsy",2,0
"Courtney Patton",2,0
"Morgan Wade",2,62
"Talk Talk",2,0
"Original Persys",2,0
"tjshxtz",2,0
"Buju Banton",2,2
"Tomas Dobarro",2,0
"HO$ana",2,0
"Bladymmir",2,0
"Santiago Lojo",2,0
"Maria Nicole Amatore",2,0
"Airbourne",2,6
"904 Red",2,0
"DJ RMC",2,0
"Los Hermanos Carrion",2,0
"Alexander Fisher",2,0
"DJ Fletch",2,0
"Lost Leaders",2,0
"Galy Galiano",2,0
"GloRilla Da P",2,0
"Djtrewitdadreaz",2,0
"The Cover Girls",2,6
"Dj Joselyn",2,0
"Malo",2,3
"SAINt JHN",2,27
"Elisabetta Mattia",2,0
"Maurice Williams",2,0
"Ace Baby",2,0
"Empire City",2,0
"Alejo Zalazar",2,0
"Los Rugar",2,0
"Aron Luix",2,0
"Los Troqueros",2,0
"NewJeans",2,0
"Max Cameron Concors",2,0
"Edison Lighthouse",2,0
"Diendo Flow",2,0
"Los Primos De Durango",2,0
"Dominique Hammons",2,2
"Estudio K L",2,0
"The Blue Devils",2,0
"DJ Hesh",2,0
"David Guetta - Usher",2,0
"DCUP",2,0
"The Flys",2,0
"Donnie Klang",2,0
"Laura Williams",2,0
"Dean (aka) LaKiD",2,0
"Chalino Sánchez",2,0
"Lil Mosey",2,4
"Kunbaland",2,0
"Al Stewart",2,34
"Of Monsters And Men",2,0
"Rotem Moav",2,0
"Kronic",2,0
"Los Lobos del Norte",2,0
"Bobby Shmurda",2,7
"Brian Colin Burrows",2,0
"DJ Khriz Music",2,0
"Down Under Devils",2,0
"DJCUE",2,0
"Freda Payne",2,0
"The Vaughan Brothers",2,0
"5miley",2,0
"Miguel Bose",2,16
"Moby",2,1
"Grupo Tentacion",2,0
"Mac Davis",2,0
"Isaac Maya",2,0
"England Dan Seals",2,0
"El Compa Chuy",2,0
"The V-Roys",2,0
"Ben Townsend",2,0
"Hank Williams, Jr.",2,11
"JcSincOver",2,0
"Ysb Cmoney",2,0
"Gavin DeGraw",2,22
"Marytan",2,0
"Cornetto",2,0
"Frederic Vitani",2,0
"Los Indomables de Cedral",2,0
"Crescent",2,0
"Ümit Önder",2,0
"Isaiah FREE",2,0
"YoungKing",2,0
"Jerry Di",2,0
"LiLokiFrmDa3",2,0
"Adan Cuen Y Chalino Sanchez",2,0
"Shane Stevens",2,0
"Tim Whitelaw",2,0
"The Rock Professionals",2,0
"Cro Magnum",2,0
"Oneup2lovett",2,0
"陵梦",2,0
"Patrick Wilson",2,0
"Modest Mouse",2,65
"Argent",2,0
"Jens Inge Bertil Johansson",2,0
"Santi Robles",2,0
"Delirio Mix",2,0
"Ritm Side",2,0
"Nuevo Regimen",2,0
"Jimin",2,0
"Stephanie Adler",2,0
"Mac Daddy Jew",2,0
"DJ MAKIDAI",2,0
"Dj Pepons",2,0
"Yolanda Be Cool",2,0
"Aleister",2,0
"Spencer Davis Group",2,0
"Eros Ramazzotti",2,2
"Keith Richards",2,0
"Steve Wariner",2,0
"Marciano",2,0
"Las Atlixqueñas",2,0
"Aquagen",2,0
"David Isaac Feldstein",2,0
"Black Oak Arkansas",2,2
"Sizzla",2,4
"Rowan Atkinson",2,0
"Cary Barlowe",2,0
"Aldo Nova",2,4
"Simp City",2,0
"Dj Lethal187",2,0
"Pat Rich",2,0
"&friends",2,0
"Magdy Haddad",2,0
"Queensryche",2,49
"Casey Donahew & Cody Johnson",2,0
"Jorge Luis Sosa",2,0
"Sevenn",2,0
"ThomyDomé",2,0
"Furzs",2,0
"Praso",2,0
"Da Brat",2,0
"Tombs",2,0
"Lobo",2,0
"Chiky Dee Jay",2,0
"Grupo Alto Rango",2,0
"Royale'",2,0
"Foxy Brown",2,0
"Tejas Brothers",2,1
"Spirit",2,0
"Bousmara Division N°1",2,0
"Silk",2,5
"Ayşe Önder",2,0
"Hanson",2,2
"Jevon Dewand",2,0
"Lindsay Tomasic",2,0
"Ilussion 6",2,0
"Kumaar",2,0
"Jon Bon Jovi",2,1
"Torrian Ball",2,0
"Beto quintanilla",2,0
"Mike Mancy",2,0
"The Alternative Strike",2,0
"Dj Yayo",2,0
"Los Hermanos Plata",2,0
"Vanity Fare",2,0
"Ghostown DJs",2,0
"Moe Bux",2,0
"Shabooya Baby",2,0
"L.o.c.",2,0
"Breakfast Club",2,4
"E. Hood",2,0
"Pastor Mike Jr.",2,2
"Mark Ambor",2,23
"The Contraband",2,0
"Los Sepultureros",2,0
"Seventeen",2,1
"C-Clown",2,0
"Boro",2,0
"John Berry",2,7
"Steve Miller",2,0
"Kevin Paez",2,0
"Sin Bandera",2,3
"Mode Division",2,0
"The Lovin' Spoonful",2,5
"HollyHood Bay Bay",2,0
"Tamela Mann",2,12
"En Honor A Juan Pablo II",2,0
"Jonathan Elias",2,0
"Teon Blann",2,0
"Mark Greenwood",2,0
"David y Fernando",2,0
"Michael Briguglio",2,0
"Elzeith",2,0
"Pure Prairie League",2,18
"Republica",2,4
"Banda R-15",2,0
"Dj Javi",2,0
"DJ LIFE",2,0
"Seth Van Dover",2,0
"Lucas Jagneaux & the Roadshow",2,0
"Vallenato",2,0
"Florin Gindu",2,0
"Tim Devine",2,0
"Neitan",2,0
"DJ GREENTHUMB",2,0
"Rock Classic Hits AllStars",2,0
"Kai Kramosta",2,0
"Slaughter",2,9
"Mike Morato",2,0
"Banda El Pueblito",2,0
"Björn Ulvaeus",2,0
"Tiranos Del Norte",2,0
"Norki Reyes",2,0
"Alvaro Vela",2,0
"Better Than Ezra",2,14
"Cela Harper",2,0
"Tre Ridah",2,0
"Laury Villalba",2,0
"Fran Vigari DJ",2,0
"Iron Butterfly",2,0
"Vivian Green",2,2
"Hareball",2,0
"Mr.Tac",2,0
"Byron Cage",2,0
"Omega El Fuerte",2,0
"Christopher James Dececio",2,0
"Gladdest",2,0
"AdAstraJulian",2,0
"Nati Cano's Mariachi Los Camperos",2,0
"Skip Marley",2,2
"Human League",2,0
"The Mavericks",2,70
"Phuong Vu",2,0
"Tag Team",2,6
"Felix Andino",2,0
"The Time",2,0
"Natalie Merchant",2,8
"Cizo Montana",2,0
"Carter Faith",2,21
"August 31st",2,0
"YOUNG POSSE",2,0
"Mati Guerra",2,0
"B Lou",2,0
"Ramon Ayala",2,23
"Johnny Salami",2,0
"Dawn Penn",2,4
"Antonio Zamora",2,0
"M/A/R/R/S",2,0
"Horseshoe Gang",2,0
"Alkpote",2,0
"Heather Headley",2,1
"Mtv Riff Raff",2,0
"Don Dirty",2,0
"Four Tops",2,17
"Kenjisama",2,0
"Isaac Hayes",2,0
"King Clave",2,3
"Sonido Cumbia",2,0
"Hd4president",2,0
"Jere Gines",2,0
"Dave Edmunds",2,0
"Jashon Cuyler",2,0
"The Gregg Allman Band",2,0
"Disturbed",2,59
"August Alsina",2,0
"Jeff Beck",2,0
"Kiko Nieto",2,0
"Baby Rasta & Gringo",2,0
"Los Solitarios",2,0
"Sarah Reeves",2,0
"Natalia Jiménez",2,11
"Linda McCartney",2,0
"Andrew Michael Britton",2,0
"Humor",2,0
"DJ Razor",2,0
"Paul Overstreet",2,0
"Cory Michael",2,0
"Mike Graham",2,0
"Brand X Music",2,0
"T.Z.3",2,0
"Death & Taxes",2,0
"Method Man",2,2
"Los Barón De Apodaca",2,0
"Julian Sotelo",2,0
"Cean Murq",2,0
"John Martin",2,0
"Ruff Ryders",2,0
"James Fortune",2,3
"Jane Child",2,0
"Marcel Cartier",2,0
"Greg Tannen",2,0
"Dave Perez",2,0
"Desloc Piccalo",2,0
"Jim Condelli",2,0
"Matt Mathews",2,1
"Cele Arrabal",2,0
"DJ Cautious",2,0
"Trina",2,2
"DJ Kbza",2,0
"Freeze",2,0
"Manybeat",2,0
"Ricardo Serrato",2,0
"Flakito Gil prod",2,0
"DJ LAWY",2,0
"Big Ali",2,0
"Yvonne Elliman",2,0
"Sean Garrett",2,0
"Cory Cross",2,0
"Freddie Gibbs",2,5
"Darrell Scott",2,1
"Grass Roots",2,0
"Grupo La Cumbia",2,0
"Ana Free",2,0
"MIDIFine Systems",2,0
"O.A.R.",2,13
"The Honeydrippers",2,0
"Hermanos Espinoza",2,5
"Jamie xx",2,9
"The Bellamy Brothers",2,46
"Rita y José",2,0
"Michael Marcagi",2,26
"B2K",2,0
"I.Z.",2,0
"Melendi",2,12
"Frederic Auger",2,0
"Base De Rap",2,0
"Snoh Aalegra",2,1
"The Instrumentals",2,0
"Ghost Reezy",2,0
"Mr. Skip",2,0
"Morgan Evans",2,4
"Izak",2,0
"Punch Brothers",2,8
"Gabriela Rocha",2,0
"Evaluna Montaner",2,0
"Yung Critical",2,0
"Le Juarez",2,0
"Oliver Worth",2,0
"San Francisco Symphony",2,10
"Rigo Dominguez Y Su Grupo Audaz",2,0
"El Monta Cotorra",2,0
"Count",2,0
"Row Mane Lettuce",2,0
"Khan Musix",2,0
"pekkon",2,0
"J BIdnizz FTG",2,0
"AKRMX",2,0
"DJ Ellz",2,0
"Roy YunGod",2,0
"Richard O'Brien",2,0
"Camm2Raww",2,0
"Village People",2,6
"Solomon Childs",2,0
"Scro and the Funky Flos",2,0
"Grupo Dinastia Mendoza",2,0
"Shawn Riff-Raff",2,0
"La voz del Mayab",2,0
"Chinx",2,0
"Eydie Gorme",2,0
"Dylan Wheeler",2,7
"Chester James Lang",2,0
"Mixbeat Masters",2,0
"BJ the Chicago Kid",2,16
"Alexander Hitchens",2,0
"Avery*Sunshine",2,0
"Slick Rick",2,9
"DjYuyo",2,0
"Rock Mecca",2,0
"Jason Weaver",2,0
"Crecer German",2,0
"Hnas. Nuñez",2,0
"Zedrick Eugene Kelley",2,0
"The Puritones",2,0
"Hype",2,0
"Bryan Moore",2,0
"Serry",2,0
"DJ Kuba",2,0
"A Great Big World",2,1
"Shawty Lo",2,0
"DjTj Official",2,0
"Barba Jonas",2,0
"Paco Amoroso",2,0
"William Becton",2,0
"Tinashé",2,0
"Ahmed Haggag",2,0
"Hillary Lindsey",2,0
"Javada",2,0
"VFDJ",2,0
"Smiles Official",2,0
"Clifford Simms",2,0
"Dolly Shine",2,0
"Neil Sidwell",2,0
"B Real",2,0
"Hayce",2,0
"Hal Ketchum",2,0
"Al Tiro de Armando Ramos",2,0
"Casanova",2,0
"Charley Harrison",2,0
"Gael Garcia Bernal",2,0
"Steve Ronald Ouimette",2,0
"EPMD",2,2
"Pleasure P",2,18
"Mike Williams",2,1
"Ambrosia",2,22
"Rome",2,10
"Matthew Hannah",2,0
"Hinder",2,13
"Merle Haggard",2,0
"B.W. Stevenson",2,0
"Cuban Deejays",2,0
"Million",2,0
"John Ford Coley",2,3
"BT Band",2,0
"Brenda Warren",2,0
"Patti LaBelle",2,41
"Red",2,1
"Big Boogie",2,3
"El Gran Proyecto",2,0
"F.O Sparrow",2,0
"CA7RIEL & Paco Amoroso",2,0
"The Australian Pink Floyd Show",2,56
"Scott Bradlee's Postmodern Jukebox",2,84
"Roger",2,0
"Grupo Escolta",2,0
"2Chainz",2,0
"The Groobees",2,0
"Murkemz",2,0
"Benja LR",2,0
"Snoop Doggy Dogg",2,0
"Kassi Ashton",2,29
"Julio Miranda",2,0
"D.One",2,0
"D-Tox",2,0
"Jalen McMillan",2,0
"Marito Rivera Y Su Grupo Bravo",2,0
"Tony Camargo",2,0
"Cantiga",2,0
"J.PERIOD",2,1
"Supergrupo Son Tepito",2,0
"Rev. Luther Barnes",1,0
"Gary Moore",1,0
"xxxthewolf",1,0
"Fingazz",1,0
"Tim Quint",1,0
"GvryLite",1,0
"Raúl Partida",1,0
"Dusty Springfield",1,0
"YFG Fatso 808",1,0
"Skooly",1,0
"Van Darien",1,0
"Galantis",1,11
"DJ ICY",1,0
"Devin Morrison",1,0
"Don Pablo Mures",1,0
"Felix Janosa",1,0
"VEGAZ MATTHEW",1,0
"Fedu DJ",1,0
"Kurd Maverick",1,0
"Varios",1,0
"DubFromTenn",1,0
"JxttsRevenge",1,0
"Axé",1,0
"DJ Piojo",1,0
"BlocBoy JB",1,1
"iiizik",1,0
"Iván Troyano",1,0
"trans ilian",1,0
"Charles Michael Brotman",1,0
"melanie liberman",1,0
"Fivio Foreign",1,6
"RoryStoneLove",1,0
"Los Elegantes de Jerez",1,0
"Los Caimanes de Sinaloa",1,5
"Ada Gio",1,0
"Punkin",1,0
"Harry Belafonte",1,0
"Orgy",1,30
"CLANDEYAFTER",1,0
"Derique Loud",1,0
"The Singing Dogs",1,0
"Justin Slinkard",1,0
"Mateo Tapia",1,0
"Newsong",1,2
"Stylo G",1,0
"Daftcraft",1,0
"Rosskie The DJay",1,0
"Anna Yvette",1,0
"Bodo Bach",1,0
"Banda Corona del Rey",1,1
"Rusty Wierz",1,0
"Saroja",1,0
"Zebra",1,13
"Bayker Blankenship",1,45
"Roger Francis Marie Renaud",1,0
"Quemix",1,0
"Adina Howard",1,6
"Fly Morris Night",1,0
"The World Famous Tallboys",1,0
"DJ Psy",1,0
"Demetrius West",1,0
"Dilip Dulara",1,0
"Davy Bernagoult",1,0
"Lean On The Beats",1,0
"Red Shahan",1,17
"Buster Poindexter And His Banshees Of Blue",1,0
"めらめら大帝",1,0
"Zhané",1,0
"Mark Villa",1,0
"MellowBox",1,0
"Lashawn's Way",1,0
"Mr. Pimp-Lotion",1,0
"Dj Donmar",1,0
"Geru y Su Legion 7",1,0
"Seven Mary Three",1,0
"Mariah Megan",1,0
"dj Preciozo",1,0
"Ray Jaxon",1,0
"Metaform",1,0
"Héctor Lavoe",1,0
"Chris Lake",1,12
"李小宇",1,0
"Just Joe",1,0
"Shelby Rae Marshall",1,0
"Black Smurf",1,1
"Jonas Blue",1,2
"Eastside Flynt",1,0
"Tonio the Barber",1,0
"Skaaw J",1,0
"Leones Del Norte",1,0
"MC vv",1,0
"Jonita Gandhi",1,0
"Pee! In The Pool",1,0
"Italian Somali",1,0
"Tyler Butler-Figueroa",1,0
"Damond",1,0
"Shelow Shaq",1,0
"Koatz DJ",1,0
"Pity DJ",1,0
"Q-Kryst",1,0
"ENG2ESP",1,0
"Honeyfunk",1,0
"Grupo Nonoava",1,0
"Outsiders",1,0
"Crosby, Stills, Nash & Young",1,0
"涛少君",1,0
"MarPsy",1,0
"قناة يمان للأطفال",1,0
"DJ Boogie",1,0
"Peace of Ingi",1,0
"Taylor Hill",1,0
"Ghostown",1,0
"Billy Sheehan",1,0
"Greg Warren",1,0
"Lunatic",1,0
"Kry4Wolf",1,0
"Big Tymers",1,2
"London Voices",1,0
"Joey Sanchez",1,0
"José Manuel Figueroa",1,0
"ENHYPEN",1,7
"Yo Miestro",1,0
"flash0ut",1,0
"Boski 3x",1,0
"Nelson Ned",1,0
"Ron White",1,1
"Josh Adrian",1,0
"Dj Ap3x",1,0
"Clave LH",1,0
"Gorilla Zoe",1,1
"Michael Mendoza",1,0
"42 Dugg",1,5
"Yossy Den Has",1,0
"Miguel Belmont",1,0
"Machine Head",1,62
"nagpuri jalwa",1,0
"William Kyle White",1,0
"Black Caviar",1,0
"Profe Lucho",1,0
"Dj Raay",1,0
"Gunhood Zeke",1,0
"VJ",1,0
"Mateo Bedogni",1,0
"Ray Charles",1,0
"TheFato",1,0
"Tezkej Pokondr",1,0
"Letters To Cleo",1,1
"Takeoff",1,0
"Dawkins & Dawkins",1,0
"EIRON RMX",1,0
"Banda Pachuco",1,0
"Travis Greene",1,0
"The Jotaka Perverse",1,0
"Shane Thompson",1,0
"Kevin Blechdom",1,0
"Paquetazo De Coleccion",1,0
"el100tifico",1,0
"Conociendo Rusia",1,0
"Dennis Yost",1,0
"Josi Cuen",1,30
"Alex Vagda",1,0
"Mr. Dibbs",1,0
"PablilloRecords",1,0
"Sons Of Sunday",1,0
"Mariachi México de Pepe Villa",1,0
"New Wine",1,0
"Hot Boi Weez",1,0
"Carla Morrison",1,0
"Nump",1,0
"David Lewis",1,0
"Rustic",1,0
"Cordell Streets",1,0
"Gap Band",1,0
"Fernando Fernández",1,0
"Matisse",1,6
"Ryan Xu",1,0
"Feed Me",1,0
"Subhi",1,0
"$uicideboy$",1,46
"Jayda Pink",1,0
"Macon Greyson",1,0
"DJ MIX PROJECT",1,0
"A.V.",1,0
"Reeves Junya",1,0
"DI2PAZ",1,0
"Wayne Coster",1,0
"TitusVincent",1,0
"Pierre Dubost",1,0
"Gasket",1,0
"DJ Richard",1,0
"Theodore Shapiro",1,0
"Morray",1,0
"KNOWN",1,0
"Humble Pie",1,0
"Jazz Instrumental Chill",1,0
"The Chambers Brothers",1,0
"Eze Rmx",1,0
"Hugo Almanza",1,0
"Chris Hajian",1,0
"DJ Luiz Cláudio",1,0
"London Symphony Orchestra",1,0
"dc Talk",1,0
"Anderson",1,0
"Lorna Courtney",1,0
"T.O.K.",1,0
"Jacqueline Fernandez",1,0
"Hank Shocklee",1,0
"Atlantic",1,0
"Bodakk Bunnny Cardiiz",1,0
"Markitos Dj 32",1,0
"Jermaine Dolly",1,1
"Group Therapy",1,0
"Chris Renzema",1,23
"Morten Harket",1,0
"Lawrence Welk",1,0
"Emcee Truth",1,0
"La Verdad",1,0
"Dave Mason",1,42
"L'occasion",1,0
"Pierre Burette",1,0
"Peter Kings",1,0
"John Carlo Dwyer",1,0
"Merengue Latin Band",1,0
"Asher Alexander Pope",1,0
"Bam Rothstein",1,0
"Layton Greene",1,0
"SlatJaay",1,0
"Marqus Clae",1,0
"BigDawgYung",1,0
"Michael Anthony Sampey",1,0
"Sharib Toshi",1,0
"James Ingram",1,0
"A J",1,0
"Ernest Tubb",1,0
"Rondodasosa",1,0
"Honey Dj",1,0
"Josh Weathers Band",1,1
"Problem",1,0
"Riot Ten",1,15
"Original Broadway Cast of & Juliet",1,0
"L Kubic",1,0
"Lee Richardson",1,0
"City High",1,0
"ABM Cin",1,0
"Norah Jones",1,20
"LASTNAMECASTRO",1,0
"Ervin Litkei",1,0
"Dave Ruthwell",1,0
"Bob Kulick",1,0
"Moglyman",1,0
"Kxng Prince",1,0
"Lamont Lee Barnes",1,0
"Hum",1,0
"David D.L",1,0
"Guillermo Pascual",1,0
"Pauline Reese",1,0
"KaylaaK57",1,0
"LIL Mattress",1,0
"Amaranta",1,0
"Nicolás St",1,0
"Stephen Pearcy",1,18
"Dick Dale",1,0
"The Music Machine",1,0
"DjBlue012",1,0
"The Boricua All Stars",1,0
"Mazzy Star",1,0
"Axel Martinez",1,0
"Tm88",1,0
"Yohan Marley",1,0
"O-Zone",1,0
"Daseca",1,0
"Steve Edwards",1,0
"Dj Cut Killer",1,0
"James McDonough",1,0
"Jloud23",1,0
"华语群星",1,0
"Ermaine",1,0
"Pablo Molina",1,0
"Vj DjMarco",1,0
"Vesvese",1,0
"Yomo Toro",1,0
"The Stooges",1,0
"Toro Y Moi",1,10
"Natalia LaFourcade",1,39
"Clive Lukover",1,0
"Rhett and Link",1,0
"Son By Four",1,0
"Hunnid Beats",1,0
"Los Buitres De Culiacan Sinaloa",1,0
"Robert Allen Elliott",1,0
"Benjamín Rojas",1,0
"The Weather Girls",1,1
"TEE",1,0
"Quavo 2x",1,0
"Zantivera",1,0
"Paulino Bernal",1,0
"Johan M Cruz",1,0
"Peanutgotfanz",1,0
"The Dream",1,0
"Matthieu Faubourg",1,0
"Ed Maverick",1,3
"D-Mac",1,0
"C.Frank",1,0
"BMI",1,0
"RIIZE",1,3
"SLARK MUSIC",1,0
"Dj Facu Russian",1,0
"Top Flow",1,0
"DJ ESE ENRIQUE",1,0
"No Justice",1,0
"Lil Supa",1,0
"Kingshark",1,0
"The Family",1,0
"Alexcis",1,0
"DJ Yonny",1,0
"Chris Payne",1,0
"Die drei !!!",1,0
"Juanma DJ",1,0
"Karaokemedia",1,0
"John Kammerer",1,0
"Hall & Oates",1,0
"Digital Dread",1,0
"David Arkenstone",1,0
"Keegan Mcinroe",1,0
"DJ Ferp4x",1,0
"Charly Black",1,0
"The Motels",1,26
"Daniel Gun",1,0
"YRN KJ",1,0
"Jutidy",1,0
"Jah Vinci",1,0
"Tryonne",1,0
"Leni Stern",1,0
"Bama",1,0
"Sonora Siguaray",1,0
"Kenny Kelly",1,0
"Melody",1,0
"Fresh",1,0
"Alejandra Roggero",1,0
"DERSHALAH",1,0
"OdinMann",1,0
"Ismael Rivera",1,0
"Nicole Binion",1,0
"All Star Karaoke",1,0
"Neil Cross",1,0
"Remy Boyz",1,0
"Gurpreet Saini",1,0
"Ivan Tovar Dj",1,0
"Rampage",1,2
"LeVert",1,0
"Sufian Bouhrara",1,0
"Houston Marchman & The Contraband",1,0
"Jfilt",1,0
"Rex Banner",1,0
"T-Rio",1,0
"The Suga Mamas",1,0
"Lilchris533",1,0
"Too Pretty",1,0
"Texas Playboys",1,0
"The Honeycutters",1,0
"Xexe Band",1,0
"Teuvo Siikasaari kvintetti",1,0
"Cuarto De Milla",1,0
"鹏飞",1,0
"Sonic",1,0
"DJ Fame",1,0
"Naseeb Wazir",1,0
"Michael Crawford",1,0
"Pablo Fox",1,0
"Steve Fresh",1,0
"Conjunto Deleite",1,0
"Beto Pelaez",1,0
"Paco Regalado",1,0
"Stuart Crombie",1,0
"Gus Bus",1,0
"Samuel Carter",1,0
"ECR",1,0
"Richard Robbins",1,0
"RytmeHans",1,0
"Dakota Chris (Kotà)",1,0
"Mc 7Belo",1,0
"Penn Du",1,0
"Jack Ward",1,0
"Steven Thomason",1,0
"Kotkov",1,0
"Sauga Thamizhan",1,0
"Rob Lion",1,0
"RJ Suave",1,0
"Grand Melodic",1,0
"Philip Guyler",1,0
"Mano Choquito",1,0
"Michael Chertock",1,0
"Steven Machat",1,0
"Juan Perales",1,0
"Brown Skies",1,0
"Paul Taylor",1,1
"ピーター・ガブリエル",1,0
"DJ Perbi",1,0
"Deadweight",1,0
"DJ Unter",1,0
"Three 6 Mafia",1,6
"Cody Miles",1,0
"Highway Grizz",1,0
"Y. GIZZLE AKA PROFESSOR SLUMPP",1,0
"T. Bless & the Professionals",1,0
"Moon Mullican",1,0
"M24",1,0
"GrooveANDyes",1,0
"Billy Boy Arnold",1,0
"Jean Feldman",1,0
"Puerto Rican Power",1,0
"StyleShift AI",1,0
"DJ Suave",1,0
"Thomm Jutz",1,0
"Grupo Trinidad",1,0
"Chris Cornell",1,0
"Conjunto de Chucho Ferrer",1,0
"Streetz",1,0
"Truthboy",1,0
"Lleix",1,0
"Vante24k",1,0
"Kidd G",1,33
"Zoe Gotusso",1,0
"Koffee",1,0
"Shia",1,0
"Veruca Salt",1,0
"Yella Beezy",1,1
"Frankiel YZ",1,0
"Lucha Moreno",1,0
"Teena Marie",1,1
"Kenia Os",1,0
"BellyDancer",1,0
"Y&T",1,12
"Faster Pussycat",1,3
"Blazup",1,0
"Saudade",1,0
"Lena Jims",1,0
"iSeeMusic",1,0
"Daryl Neil Alexander Griffith",1,0
"Cha$e Money",1,0
"DJ Lord OTB",1,0
"Azteck",1,0
"Syd",1,0
"Karaoke Hits Band",1,0
"Trello Mack",1,0
"Chalie Boy",1,1
"ELTALMiCKEY",1,0
"Mariachi Nuevo Tecalitlan",1,3
"Royal Philharmonic Orchestra",1,0
"Lassi & Asw",1,0
"J Casper",1,0
"Bob & Doug McKenzie",1,0
"Lobby Boyz",1,0
"Stereo Love",1,0
"Vitalii Zinchenko",1,0
"JoeyytHieb4Life",1,0
"Youthful Praise",1,0
"Jeevan Anandasivam",1,0
"Blkgod9",1,0
"The Gourds",1,0
"A Day To Remember",1,27
"Nikstylz",1,0
"Belly",1,18
"DJ Frizzie",1,0
"Lyrics Born",1,3
"Nahu Dee Jay",1,0
"Matroda",1,15
"Dj Sergio Roldan",1,0
"8Ball & MJG",1,1
"OG Three",1,0
"Kevin Colman Sessions",1,0
"Dave James",1,0
"Lil Skinny Pænis",1,0
"SONIDO BLACK MARCH",1,0
"Roy Brown",1,0
"Scottish Murmurs ASMR",1,0
"DJ GLOBAL SOUND",1,0
"The Four Tops",1,29
"Los Tenampas",1,0
"Fabrizio Fornaci",1,0
"Masa Sumide'",1,0
"T.V. MOON",1,0
"Antonio Feriozzi",1,0
"Kaliii",1,2
"Anton Sych",1,0
"BGM Teacher",1,0
"F1les",1,0
"Ashland Craft",1,13
"Meck Sithong",1,0
"Leandro Murua",1,0
"Dove Cameron",1,0
"The Judds",1,0
"Carlos Manzanares",1,0
"Mati Masildo",1,0
"Dj Bear",1,0
"Taxman Tempz",1,0
"Dj.faster",1,0
"Liqwyd",1,0
"A1 Nero",1,0
"R. Kelly",1,0
"M.C. Hammer",1,0
"ZEROBASEONE",1,0
"Amanda Anne Platt & the Honeycutters",1,1
"Songs To Your Eyes",1,0
"Bcash",1,0
"Nora De Gintsa",1,0
"AKG Remix",1,0
"Miguel Lerdo De Tejada",1,0
"Wicker Hans",1,0
"DJ Sensacion",1,0
"DJ Comento",1,0
"Tom Braxton",1,0
"Godson Reaction",1,0
"Lesun",1,0
"El Vaivén Mx",1,0
"Kumbia Kings",1,0
"Bruno Cabrera Dj",1,0
"Rude Boy",1,0
"Caron Wheeler",1,0
"DJTO",1,0
"Maxi Priest",1,5
"El Sarna",1,0
"Djeloul",1,0
"Angie K",1,7
"David Imhof",1,0
"John Hedges Ross",1,0
"Phantom Planet",1,26
"Braxton Major",1,0
"George Clinton",1,38
"Maggie Rose",1,23
"Frederic MATHET",1,0
"Terry Devine-King",1,0
"The Castellows",1,44
"Jonathan King",1,0
"Scary Pockets",1,11
"El Piporro",1,0
"Vivian Rhodes",1,0
"La Fe Norteña de Toño Aranda",1,0
"Tony Carey",1,0
"Ace Frehley",1,22
"Austin Meade",1,17
"Kutless",1,0
"Pato Oteo",1,0
"Chris Spedding",1,0
"St. Paul & The Broken Bones",1,44
"Lil Ghost",1,0
"Magoo",1,3
"DJ Konsky",1,0
"Hot Chocolate",1,0
"Trama",1,0
"Luis Quempe",1,0
"TIMOTHY MICHAEL MARKS",1,0
"The Loire Valley Calypsos",1,0
"Sameer Anjaan",1,0
"Djjam305",1,0
"Ewbrew",1,0
"Jinxy Cruz",1,0
"Shaykh Hanif",1,0
"William McDowell",1,0
"Billy Thorpe",1,0
"John Stax",1,0
"Hak Santana",1,0
"Sante Sansone",1,0
"Suzy Bogguss",1,6
"DaniLeigh",1,0
"Shekhar Ravjiani",1,0
"Andrae Crouch",1,0
"Los Del Rio",1,0
"D'Yani",1,0
"DawnDe1",1,0
"you wild for that",1,0
"Jason Boland",1,14
"Brent Jones",1,0
"Manuau",1,0
"Lucius",1,45
"Crossfade",1,10
"Gerhana Skacinta",1,0
"Fitness & Workout DJ's",1,0
"Od Myth",1,0
"Musica Para Entrenar",1,0
"Funcky Fresh",1,0
"Positive K",1,0
"Negativland",1,0
"Dan Tyminski",1,3
"Ramatronix",1,0
"ザ・ローリング・ストーンズ",1,0
"Reti",1,0
"BJ Klock",1,0
"Dolo Grind",1,0
"El Marki Dj",1,0
"ONCE SEMPAI",1,0
"Roel Martinez ""CHOLO""",1,0
"Evergrey",1,1
"Bernie Nelson",1,0
"La Receta",1,0
"Inayah",1,0
"Joe Banga",1,0
"John Scott Trotter & His Orchestra",1,0
"Tru Starr",1,0
"Los Malagueña",1,0
"David Scance",1,0
"Pirelli",1,0
"JeanClaudioMusic",1,0
"Franco Godoy",1,0
"Charlie Rich",1,0
"cleanmindsounds",1,0
"AndyVans",1,0
"Las Palomas",1,0
"Shanti P",1,0
"Josh X",1,0
"David Kushner",1,13
"OLight",1,0
"Beach Weather",1,66
"Jemak",1,0
"Bornkingmusic",1,0
"Jahshii",1,0
"Paul Anka",1,18
"DJ Javi Quiñonez",1,0
"David Strickland",1,0
"M-Cruzz IVM",1,0
"reezy",1,0
"litM",1,0
"Mario Basile",1,0
"Dj Micky Peru",1,0
"Tamara Dabney Jacobs",1,0
"Glenn Rueger",1,0
"Yung Bookie Da Name",1,0
"John Debney",1,0
"Hi Speed Chase",1,0
"Johann Sebastian Bach",1,0
"Baby flow",1,0
"Dani Ro",1,0
"26 Beats",1,0
"Steve Byrd",1,0
"The Mystiqueros",1,0
"JR",1,0
"Dani Ride",1,0
"Shawn Mullins",1,1
"Dj Mystic",1,0
"Wenchcat",1,0
"Tracii Guns",1,0
"DJANDII OK",1,0
"DJ Snowbunny",1,0
"Sam Cruz Piano",1,0
"Soundwave",1,1
"TURPAK",1,0
"Chris LeDoux",1,0
"Java Jazz Cafe",1,0
"Kruz Leone",1,0
"The Association",1,5
"Lil JFK",1,0
"Bruce.cxpalot",1,0
"Greg Bissonette",1,0
"Rata Blanca",1,0
"JW Velly",1,0
"V. Cha$e",1,0
"Arturo Sandoval",1,11
"Ali Albhadli",1,0
"StickyNote",1,0
"Sea Music",1,0
"Ronnie Milsap",1,0
"Green Neon DJ",1,0
"Big Doobie",1,0
"Dj.Buksna",1,0
"El Mulatto",1,0
"Jackyl",1,14
"Mauricio Lopez Silva",1,0
"Aerin Lee",1,0
"Cinema Serenades by Richard Bean",1,0
"Henry Fong",1,2
"Brian Ezequiel",1,0
"Top 40 Hits",1,0
"Mavairic",1,0
"Suicidal Tendencies",1,27
"Anna Gramm",1,0
"Andrés Martínez",1,0
"Abbsolut",1,0
"Hopes Are Burning",1,0
"Vnas",1,0
"Billy Ray Cyrus",1,0
"Adan Chalino Sanchez",1,0
"Money Movez",1,0
"Matthew James Robertson",1,0
"Jeff Lardner",1,0
"TNT",1,0
"Jody Booth",1,0
"Daniel May",1,0
"Los Hermanos Mier",1,0
"Andre 3000",1,4
"Arzen",1,0
"NiqueDaDon aka 23",1,0
"MoneyManMatt",1,0
"BENTLY BIG BOY",1,0
"Arctic Monkeys",1,0
"DJ TAMMY",1,0
"Gareth Johnson",1,0
"Kelly Iris",1,0
"Grace Potter & The Nocturnals",1,45
"Dione Farris",1,0
"Belanova",1,13
"DOE",1,0
"Fontaines D.C.",1,37
"DW FNIA",1,0
"Linwood",1,0
"Cracker",1,2
"Khia",1,0
"Brayton Dossom",1,0
"Devin Dawson",1,0
"Left Eye",1,0
"Tool",1,23
"Cairo",1,0
"Dxkyvion",1,0
"Toranzo DJ",1,0
"Nappy Roots",1,0
"La Ley De Michoacan",1,0
"Hit Crew Big Band",1,0
"Musica Ambiental",1,0
"Peyton Parrish",1,0
"GONZZABEATS",1,0
"Armando Ochoa",1,0
"Magnum Opus",1,0
"Martin Solveig",1,0
"Jessie James Decker",1,0
"Bookie",1,0
"Yazoo",1,0
"Dj Diana Peceros",1,0
"Brotha Nam",1,0
"Kaylan Arnold",1,0
"Nadine",1,0
"Cutee B.",1,0
"DJ Wasu",1,0
"Jory Boy",1,0
"John Kelly Mirando",1,0
"Gracias x La Música",1,0
"Cody Bryan Band",1,0
"SD Crime",1,0
"Grumpy",1,0
"FAKE MUSIC",1,0
"Jacob Sisco",1,0
"Charizzy",1,0
"Clémence Ducreux",1,0
"Infiniti (Scott Christina)",1,0
"Salsa Latina",1,0
"Connor Price",1,44
"DJ MP3",1,0
"Mountain Rio",1,0
"Steven Beddall",1,0
"Rui El Mesias",1,0
"SASHI!",1,0
"Mbp Mir",1,0
"Officially kj",1,0
"Thornton III Jenkins",1,0
"Mokenstef",1,0
"Raina Wallace",1,0
"Oral Bee",1,0
"Sully Burton",1,0
"Pat Travers Band",1,3
"George McCrae",1,0
"Patricia Kopatchinskaja",1,0
"Alvin Risk",1,0
"Evening Jazz Playlist",1,0
"Matthew Sibley",1,0
"Vishal-Shekhar",1,0
"Sorcero",1,0
"The Three Degrees",1,2
"Lona",1,0
"Farina",1,0
"Grady Spencer and the Griswulds",1,0
"Slayer",1,4
"Eme Sarav",1,0
"ZAYN",1,3
"Agustin KZ",1,0
"Le Gued Muss",1,0
"Lucky Daye",1,6
"Oleta Adams",1,5
"Zen Méditation Ambiance",1,0
"Tarrus Riley",1,3
"The Waymore Blues Band",1,0
"Lil Pump",1,0
"Tvsjudgejoebrown Thecomedian",1,0
"DJ KO",1,0
"Larry Stewart",1,0
"Nancy Leticia",1,0
"THOM",1,0
"Arlen Roth",1,0
"Raspberries",1,0
"D.O.E",1,0
"Jansi",1,0
"Inon I Zur",1,0
"Kiing Dre",1,0
"Bands Enterprises",1,0
"Los Tremendos Gavilanes",1,0
"Jimmy Ruffin",1,0
"DJ 2EFFECTS",1,0
"Seven Rap",1,0
"Kasum",1,0
"Kathleen Madigan",1,0
"Tina Mitchell Wilkins",1,0
"Los Toros Band",1,0
"Masego",1,2
"Dsmg Mally",1,0
"Rennessy",1,0
"El Nene La amenaza",1,0
"Asees Kaur",1,0
"Chubb Rock",1,1
"Aaron Lewis",1,89
"KIM CHAEWON of LE SSERAFIM",1,0
"Los Aldeanos",1,0
"IAN POST",1,0
"Pornosonic",1,0
"BlackBounce",1,0
"Jam Along Tracks",1,0
"Timothy Andrew Edwards",1,0
"William Jay Bergman",1,0
"Tokischa",1,5
"Pete Rodriguez",1,0
"KID SEXY",1,0
"Jonathan Murrill",1,0
"Blame My Youth",1,3
"RMR",1,0
"Tomsize",1,0
"Jetson Almighty",1,0
"dj love dark",1,0
"Jonathan Tyler",1,10
"Dave Valentin",1,0
"Fastpace",1,0
"Karen Carpenter",1,0
"Jnr Choi",1,0
"Mariachi Arriba Juárez",1,0
"Elias Medina",1,3
"Queen Ashlee",1,0
"Jeon",1,0
"YungCeoDaPlug",1,0
"Grupo BONANZA DMX",1,0
"AIXAXN",1,0
"900 Entertainment",1,0
"Safaree",1,0
"DEV",1,0
"Richard Allan Martin",1,0
"Giuffria",1,0
"Los Hijos Del Pueblo",1,0
"Mr Malcom X",1,0
"DjSunnymega",1,0
"Onda Vaselina",1,0
"Ronald Alan Mendelsohn",1,0
"Chronic Law",1,3
"Palmer Anthony",1,4
"Cyrus Chestnut",1,3
"Nazdaq",1,0
"Siul Hughes",1,0
"Dj Lub's",1,0
"DJ Lokillo",1,0
"Motörhead",1,0
"JD McPherson",1,24
"Dj Boricua",1,0
"Lost Voice Guy",1,0
"Jeff Doles",1,0
"Double O Ryderz",1,0
"Naggy",1,0
"Eslam Samy",1,0
"Michael Gray",1,0
"Relajo",1,0
"DESI TRILL",1,0
"PABLO BENDR",1,0
"The Roots",1,18
"Nataanii Means",1,0
"Franco Giorgi",1,0
"Geniko",1,0
"Kyu Sakamoto",1,0
"Konshens",1,0
"Dem Franchize Boyz",1,0
"Michael Alan Raphael",1,0
"Leo",1,0
"Sam Morrow",1,5
"Band Of Beasts",1,0
"Gus Tate",1,0
"Sauce Yagi",1,0
"LVKS!",1,0
"The Brothers Rodz",1,0
"Link Wray",1,0
"Banda Tierra Mojada",1,0
"Aldo",1,0
"José Madero",1,9
"Darwin",1,0
"Beans & Jamy",1,0
"iswiminsoup",1,0
"Lecrae",1,1
"Kuami Eugene",1,0
"ESS'T",1,0
"Adan La Amenaza",1,0
"Wesley Wilfer",1,0
"Love Diary",1,0
"Jay Glover",1,0
"Alka Yagnik",1,0
"Dirt Bomb",1,0
"Dj Marshmellow",1,0
"Todd Faire",1,0
"Mario DaSilva",1,0
"The Pineears",1,0
"Chicos de Barrio",1,0
"Queen Latifah",1,4
"Virgin Magnetic Material",1,0
"1updeuce",1,0
"Ermavilo",1,0
"Elliot Gordon Homes",1,0
"Carlos Boss",1,0
"Jimmix",1,0
"Bob & Sheri",1,0
"Rolexx",1,0
"Shilpi Yadav",1,0
"Redbone",1,0
"rooney toones",1,0
"Jason Glover",1,0
"Shin Giwon Piano",1,0
"Pagode Viral",1,0
"Mindy McCready",1,0
"Henry Richard Obree Parsley",1,0
"John Patiño",1,0
"Doug Petty",1,0
"Afrika Bambaataa",1,0
"Leroy Mendez",1,0
"Gavin Blakely",1,0
"Troy Marcus William Hewson",1,0
"DJ DRIN",1,0
"Hobgoblin",1,0
"Tiffany Hudson",1,0
"Digit D",1,0
"Charles Jenkins",1,3
"Infxrno",1,0
"Shoreline Mafia",1,2
"King Harvest",1,0
"Dayglow",1,5
"Tiziano Ferro",1,0
"Young Greatness",1,0
"Lamont Sanders",1,0
"Surface",1,3
"Jesse Welles",1,13
"DJ Agos",1,0
"ECD Ren",1,0
"Salam",1,0
"Jonatan Sanchez",1,0
"Lubomír Honek",1,0
"The Home Skillets",1,0
"Lil' Gumbo",1,0
"Jay De La Cueva",1,0
"Guy Lombardo",1,0
"TRUUSCOTCHY",1,0
"Teddy Weber",1,0
"Dane Cook",1,0
"Jawad Ahmed",1,0
"Pete Jolly & Leroy Vinnegar",1,0
"Bianca Charisma",1,0
"Eugenio Mosa & The P.Y.T.",1,0
"Benny Dayal",1,0
"Sofia Carson",1,0
"Shay Silver",1,0
"The Haunted House of Horror Sound Effects",1,0
"Viyolin",1,0
"Jon Anthony Boorman",1,0
"Saxo Charts",1,0
"T4manny",1,0
"Perreke Lil Puppet",1,0
"Rodolfo Aicardi",1,0
"Jr Salazar",1,0
"LE SSERAFIM",1,2
"Aarpeegii",1,0
"DJ Jass",1,0
"Xamã",1,0
"Lila Downs",1,5
"Ha*Ash",1,29
"Decca Concert Orchestra",1,0
"Drayton Farley",1,20
"The Yardbirds",1,8
"GTA",1,0
"Dj Biggavell",1,0
"Trey Lewis",1,9
"Londell Cortez",1,0
"Christian Paul",1,0
"SIR V WOOD",1,0
"Lastboss",1,0
"Mack Jaramillo",1,0
"La Coco Band",1,0
"Saxon",1,31
"SKIES",1,0
"38126Soulja",1,0
"Luh Tyler",1,4
"Cornelio Vega y Su Dinastia",1,0
"Seamus Haji",1,0
"Benny Benassi",1,7
"Mi Cuñado",1,0
"Shreya Ghoshal",1,7
"Sponge",1,23
"Pumpkin Air",1,0
"Drew Kennedy",1,0
"El Mariachi Vargas de Técalitlan",1,0
"Young Coffee",1,0
"Yg Lil Ive",1,0
"Gloriana",1,0
"Alejandro",1,0
"Sacco & Vanzetti",1,0
"Chicago Mass Choir",1,0
"Mark Allaway",1,0
"DJ Earworm",1,0
"Joeboy",1,3
"Blanco DC",1,0
"EBK Caedo",1,0
"Mike Trim",1,0
"Robot + Bike",1,0
"Raekwon",1,5
"VINAI",1,0
"Andrew Vortex",1,0
"Varun Jain",1,0
"DJ Gucci",1,0
"Carlos Sarabia",1,0
"Aliprandi",1,0
"Randy Edelman",1,0
"Sonny Grosso",1,0
"BFN Noah",1,0
"Apostle B.A Abad",1,0
"Marty Robbins",1,0
"MC RiiP",1,0
"Dj Peligro",1,0
"Dzekson Curi",1,0
"Casey James",1,1
"Tommy Alverson",1,0
"""The Professor"" Nick Harrison",1,0
"johnluhu",1,0
"The Harlem Community Choir",1,0
"The Warriors",1,1
"Kinem 202",1,0
"real garcias",1,0
"Dalmata",1,0
"for KING COUNTRY",1,0
"Latrice Pace",1,0
"Los Angeles De Charly",1,1
"Landon Fisher",1,0
"Darwin Hobbs",1,0
"Los Angeles Guitar Quartet",1,0
"WOS",1,0
"Simmy Automatik",1,0
"Estevie",1,13
"Covenant Worship",1,0
"Lovly",1,0
"Graciano Alexis Blanco",1,0
"Ezekiel A",1,0
"Chava Flores",1,0
"Gerald Ford",1,0
"DJ Braii",1,0
"TJ's Tunetalk",1,0
"L. Dub",1,0
"Hook N Sling",1,0
"Smokie Norful",1,0
"David Loud",1,0
"Madlib",1,4
"Vertical Horizon",1,9
"Saints Eleven",1,0
"Eugene Kulikov",1,0
"SHAED",1,2
"Santa Fe Klan",1,3
"Kirby Tha Hottest",1,0
"Miel Pops",1,0
"Bulletboys",1,7
"Banda Cuisillos",1,1
"Sven Tore Erik Berglund",1,0
"Meduza",1,13
"Blood, Sweat And Tears",1,8
"Kountry Wayne",1,0
"Khanda Bnte",1,0
"Juan Mendoza ""El Tariacuri""",1,0
"Obie Bermudez",1,0
"Fernando Rocha",1,0
"WEARETHEGOOD",1,0
"Nastyboy Klick",1,0
"Achraf Maghrabi",1,0
"Matt Carlson",1,0
"Alex ""El Genio"" Lucas",1,0
"Paddy McGuinness",1,0
"Officialheir",1,0
"Childish Leo",1,0
"Chris Higgins",1,0
"Jakob Robertson",1,0
"Yomille Omar",1,0
"Truth Hurts",1,0
"Cleo Aka Hippietrapgoddess",1,0
"DJ Sanj",1,0
"Oscar Iván Trevíno",1,0
"Young Fate",1,0
"El Alegre",1,0
"Lance Morrison",1,0
"Rick Troy Balentine",1,0
"Sarah Sophia",1,0
"Craft",1,0
"The Smiths",1,0
"Drew Anders Barnicoat",1,0
"Joe Stone",1,0
"Hope Sandoval",1,0
"Angel City",1,0
"sophielane",1,0
"Wanz",1,0
"Khruangbin",1,69
"THEYCALLMEBJ",1,0
"Sounds Like Sander",1,0
"Bovine Fecal Matter",1,0
"Poxistyle",1,0
"Paul Revere & The Raiders",1,0
"Romantic Piano Music Universe",1,0
"Two Much",1,0
"wetdogg",1,0
"4ourty8",1,0
"Sandro Puddu",1,0
"Ciro Deejay",1,0
"Waynekelly",1,0
"Conor Ross",1,0
"Steve Mushrush",1,0
"Fred Dubois",1,0
"Axtavist",1,0
"FPR",1,0
"Trio Dinastia Hidalguense",1,0
"DJ Dante",1,0
"Menikmatiko",1,0
"B Steels",1,0
"Maisak",1,0
"Tim Garland",1,0
"Natania",1,0
"Lupita Palomera",1,0
"John Hill DeFaria",1,0
"Abigail Washburn",1,0
"33Hz",1,0
"The Academy: Segunda Misión",1,0
"Miguel Mateos",1,2
"Biagio Antonacci",1,0
"Mc Sar & The Real Mccoy",1,0
"Philly T Hood",1,0
"allod",1,0
"King Cruff",1,0
"Phoenix",1,2
"DQ 989",1,0
"Toad the Wet Sprocket",1,28
"Furryx",1,0
"JBaddiee",1,0
"444Sexyy Redzzy",1,0
"Nathan Bodiker",1,0
"The Tractors",1,0
"Luigi Ramirez",1,0
"Dj Basañez",1,0
"Britney Chauntae",1,0
"Reggaeton Latino Karaoke",1,0
"Idina Menzel",1,0
"Ellem",1,0
"CostaHouse",1,0
"Knox-P",1,0
"ProdByKaylo",1,0
"Amanda Miguel",1,9
"Deorro",1,18
"Papoose",1,0
"Djvvstocold",1,0
"Bahar",1,0
"Sergio Corrochano",1,0
"Tariq Trotter",1,0
"Dilated Peoples",1,3
"Benjamin Cornelius",1,0
"Emi Campana",1,0
"Orange & Amber",1,0
"DaeGLO",1,0
"Rewind Kid",1,0
"DJ 007",1,0
"Martin Castillo",1,0
"Guaracha Aleteo Vip",1,0
"Keke Wyatt",1,4
"ALIVS",1,0
"Eddy Việt",1,0
"Widmayard CJ",1,0
"B Jack$",1,0
"Mariachi Internacional Hermanos Moya",1,0
"NOTD",1,4
"Nancy Wilson",1,1
"40 Cal",1,0
"Durk",1,0
"El Poeta Callejero",1,0
"La sonora salsera",1,0
"Tina Campbell",1,0
"Craig Johnson",1,0
"Shroompa-Doomp",1,0
"Anavitória",1,1
"LBS Kee'vin",1,0
"Rich Samalin",1,0
"Honeymoon Suite",1,14
"Peech Boys",1,0
"Quaker City Night Hawks",1,0
"Zo F.O.E",1,0
"Angel Montoya",1,0
"JF85",1,0
"Los Tercos",1,0
"Music for Films",1,0
"Thomas Helmich",1,0
"FB Don",1,0
"Minnie Riperton",1,0
"Diversion",1,0
"Daniel Maya",1,0
"Joe Moses",1,1
"The Stone Canyon Band",1,0
"Emmitt Dupree",1,0
"Richard Friedman",1,0
"Susana Negro",1,0
"Chad & Jeremy",1,0
"The Mad Violinist",1,0
"VHS",1,0
"PrinceTae",1,0
"Mambo Kingz",1,0
"Phlo Finister",1,0
"Marisa Morgan-Bonie",1,0
"Jason Scott",1,0
"Anders Johan Greger Lewen",1,0
"Hopoutshootin",1,0
"Jessie J",1,3
"Yi Xian Sun",1,0
"Against The Current",1,0
"Kereina",1,0
"DJ Gerê",1,0
"Miky Kraken",1,0
"STROMELUCHE",1,0
"Honeyyy",1,0
"Eli Paperboy Reed",1,3
"Gima",1,0
"Erick Barboza",1,0
"Sonu Nigam",1,0
"Max de Sima",1,0
"Ellerhusen Wert",1,0
"Patrick Hamilton",1,0
"Jon Björk",1,0
"Pandora X",1,0
"Simon Clarke",1,0
"Gabbo Dj",1,0
"Midas X",1,0
"Super Potwór",1,0
"Safri Duo",1,0
"Jon Stork",1,0
"Detroit Muscle",1,0
"Yuri",1,12
"Charice Pempengco",1,0
"LIL-Fred",1,0
"New Zealand Singers",1,0
"Mason Williams",1,0
"Watchyatone",1,0
"Pueblo Verdiblanco",1,0
"SME Project",1,0
"Slightly Stoopid",1,43
"All Night Sleeping Songs to Help You Relax",1,0
"Humming Urban Stereo",1,0
"B.G.",1,2
"Damian Escudero DJ",1,0
"Challenge",1,0
"Illnurse",1,0
"EXO",1,0
"Chef Blue Magic",1,0
"Alexander O'Neal",1,0
"Amber",1,0
"Luis Love",1,0
"Robb Bank$",1,1
"Shilpa Rao",1,0
"J.J. Hairston & Youthful Praise",1,0
"Hugh Jackman",1,14
"Black Rory",1,0
"Queen Pen",1,0
"Troy Hewson",1,0
"Chef Boy",1,0
"Salcido Norte",1,0
"David Crowder Band",1,0
"Wheeland Brothers",1,6
"Silverchair",1,0
"Iberica Band",1,0
"Arcane",1,0
"DJ Trademark",1,0
"Fernando Rivera Calderón",1,0
"Matt Powell",1,0
"Judy Kuhn",1,1
"Boney M",1,9
"Ragtime Orchestra",1,0
"EL Markii",1,0
"SANDEEP SRIVASTAVA",1,0
"Ruben Blades",1,5
"Marcello Rota",1,0
"Kenya Vaun",1,0
"Rick Braun",1,7
"Kensington Square",1,0
"Ezza",1,0
"Jorge Medina",1,31
"Tom Ford",1,0
"Bloodhound Gang",1,0
"Reeski",1,0
"Robin S",1,0
"Itznoelz",1,0
"Andrea Terrano",1,0
"Mariachi Real De San Diego",1,0
"DJ Saige",1,0
"Richie Evans",1,0
"G.Code",1,0
"Juha",1,0
"ItsAMoney",1,0
"Desikat",1,0
"Shalamar",1,4
"Big YBA",1,0
"Hot Tuna",1,7
"Yiyo Sarante",1,2
"John Abraham",1,0
"Jesse Powell",1,0
"Francs",1,0
"Fenix Flexin",1,1
"Adam Sandler",1,0
"John Days",1,0
"Bulova",1,0
"DJ Roma",1,0
"Misanthropik Torment",1,0
"DJ Motion",1,0
"Various Artists-Boat Folk Records",1,0
"IXIXIX",1,0
"Queenn LeeLee",1,0
"James Cook",1,0
"mango",1,0
"The New Power Generation",1,0
"Noize Maker",1,0
"Ryder Grimes",1,0
"Stacy Lattisaw",1,0
"Dj Gizmo",1,0
"Kassh K",1,0
"Agus DJ",1,0
"Charlie Raggio",1,0
"Mastodon",1,30
"Authentic Records",1,0
"Cashnitro",1,0
"Jonny Diaz",1,0
"James Driscoll",1,0
"Favio Alabart",1,0
"D.R.A.M.",1,1
"First5Face",1,0
"Wayne Anthony Murray",1,0
"John Mayall",1,0
"E.Coli Aka Dr.Drew",1,0
"Von Off 1700 TG",1,0
"John Powers",1,0
"Ryan Paul Gilbert",1,0
"JarlinzON Rodriguez DJ",1,0
"Terry Allen",1,1
"Baldingbus",1,0
"DUB C EAST 49",1,0
"Narumi Takenaka",1,0
"YoungBoy Never Broke Again",1,0
"Ezale",1,0
"Reh Dogg",1,0
"Magic Flute Montessori School",1,0
"Parry Gripp",1,0
"Gary Hoey",1,9
"From Ashes To New",1,57
"Amerie",1,1
"L'infâme",1,0
"Emerg Mcvay The Brain Bully",1,0
"Vyan",1,0
"Kyle Edwards",1,0
"Jackson Williams",1,0
"Michael Philip Holt",1,0
"Fruko Y Orquesta",1,0
"DJ Jilguero",1,0
"Hayes & The Heathens",1,2
"George Twydell",1,0
"Sugarloaf",1,0
"The Relativez",1,0
"Los Komberz",1,0
"The Hues Corporation",1,0
"Wreck Tech",1,0
"Evelyn ""Champagne"" King",1,0
"Jan Pulsford",1,0
"Afternoon Acoustic",1,0
"LT Turntable",1,0
"Eric Spencer",1,0
"Baby from Cash Money",1,0
"Bariballout",1,0
"Mityrion",1,0
"Wayne Murray",1,0
"DJ JIZZY",1,0
"Campi Lovers Gang",1,0
"DJ In2ition",1,0
"John Prine",1,0
"Jose Juan",1,0
"Tony Corn",1,0
"Gato Celoso",1,0
"Royalty Free Music",1,0
"Marta Sánchez",1,0
"The Swinging Lights",1,0
"Benson Taylor",1,0
"SickDude",1,0
"Djpowerline",1,0
"Small Town Legendz",1,0
"Lil' Mo",1,1
"YTB Fatt",1,26
"Elchuiucal",1,0
"Sean P",1,0
"Pete Rock & C.L. Smooth",1,0
"Mr. Everything",1,0
"Mel McDaniel",1,0
"Violin",1,0
"AUSTERIA",1,2
"Sourmouth",1,0
"El LauTa DJ",1,0
"NAV",1,3
"I$RÆL DIE!",1,0
"BENRMX",1,0
"DJ GERE",1,0
"Slick Pulla",1,0
"City Spud",1,0
"Mauro Costa",1,0
"D.R.I.",1,5
"Xanemusic",1,0
"Yannick Kalfayan",1,0
"The Buckinghams",1,5
"Dalek dan",1,0
"Dj Luka Mix",1,0
"Neil Sedaka",1,0
"Jay Diggy",1,0
"Audio Anthem",1,0
"John Fullbright",1,2
"Dj Enzo Miranda",1,0
"Fizzie Hendrix",1,0
"Lucas Presso",1,0
"Diego Herrera",1,0
"Dominion",1,0
"ロッシーニ",1,0
"Giacomo Trivelli",1,0
"Smk the kid",1,0
"Gillian Welch",1,29
"Starbuck",1,0
"Vishal Dadlani",1,0
"Sam Tompkins",1,0
"Kondel",1,0
"Tom Browne",1,1
"Nahuu Remix",1,0
"Choraloid",1,0
"Héctor El Father",1,0
"The Union",1,0
"DJ Cobra Monterrey",1,0
"Natakong",1,0
"dadafrr",1,0
"M.PERDOMO",1,0
"Colt McCoy",1,0
"Jon Young",1,0
"GUIDO.SAX",1,0
"Clocksy",1,0
"Joey the Mad Scientist",1,0
"Los João",1,0
"Kris Kristofferson",1,1
"Redboi",1,0
"DJ LAPAZ",1,0
"DJ Ari",1,0
"Kate Hudson",1,4
"Alfa Rococo",1,0
"Lucianito 4ever",1,0
"Marvel Faus",1,0
"E.U.",1,0
"Pablo Control",1,0
"Matthew Garber",1,0
"Cypress Hill",1,42
"CalumT",1,0
"Baptiste Francois Guillaume Thiry",1,0
"Daryl Stuermer",1,0
"GUILHERME GIELOW",1,0
"Bobby McFerrin",1,2
"Matias Martinez",1,0
"Banda Recodo",1,0
"JetX Noon",1,0
"Beau Black",1,0
"Enuff Z'Nuff",1,1
"GruntWerk",1,0
"Agus Castillo DJ",1,0
"NachoMix",1,0
"The Aces",1,2
"The Strokes",1,1
"D-Rah",1,0
"Alon Peretz",1,0
"Farah",1,0
"Amit Mishra",1,0
"Kyle Hunt",1,0
"Euseiki Tudanssa",1,0
"Mike McClure Band",1,0
"ScholaGreen",1,0
"Delegation",1,0
"Roger Sanchez",1,8
"Caje Ills",1,0
"Morbeck",1,0
"Alfredo Gutierrez",1,0
"Loz Kompaz Del Rafa",1,0
"DJ Joe",1,0
"Canton Jones",1,0
"Sundar Bishnoi",1,0
"Rosie Flores",1,0
"王亚鹏",1,0
"JHR",1,0
"Dj Naj",1,0
"Ilan Kunik",1,0
"Bros",1,1
"Joey Bada$$",1,3
"Margaret Pearl",1,0
"Skinds",1,0
"South 8 Mafia Stress Made East",1,0
"Pira na Brisa",1,0
"The Blues Magoos",1,0
"FiESTA FUTURO SOUNDSYSTEM",1,0
"David Gates",1,0
"Kat Green",1,0
"Ankaralı Turgut",1,0
"Jacob Armitage",1,0
"PILL",1,0
"Eugenia Alabart",1,0
"Anthony Gonzalez",1,0
"Obed Joe",1,0
"R3HAB",1,2
"Aaron Copeland",1,0
"Yungeen C3",1,0
"Pete Spisso",1,0
"Duane Eddy",1,0
"Nelson",1,4
"Kevin Gates",1,21
"Alias None",1,0
"Dj Mixologo",1,0
"Starchild",1,0
"Grupo H-100",1,0
"HDC",1,0
"Dream3team Reload",1,0
"Elevation Español",1,0
"StreetBall Mixtape",1,0
"Hermanas Padilla",1,0
"Dj Tute Czerny",1,0
"Curtis Wiley",1,0
"Juanchi Moli",1,0
"The Grassroots",1,0
"chéyé",1,0
"Tyrion Black",1,0
"Bunny Sigler",1,0
"Vicente Castillo",1,0
"Dthd",1,0
"Pumas Boyz",1,0
"MusicMafia",1,0
"Shep G",1,0
"DJ Yoyo Sanchez",1,0
"Frm08",1,0
"Molly and the Pineapples",1,0
"Eric Anthony Forcen",1,0
"Bambu",1,0
"volute",1,0
"Blues Image",1,0
"Ilegales",1,1
"Unto Others",1,12
"DJ Me",1,0
"Donny Osmond",1,169
"charlieonnafriday",1,0
"Dammie",1,0
"Alien Bufo",1,0
"Big Opp",1,0
"Thomas Rivera",1,0
"DJ Sedan",1,0
"Jean Castro",1,0
"Shiekadadiva",1,0
"Margarita Sipatova",1,0
"Franko Cpd",1,0
"Palein",1,0
"Gonzaftermix",1,0
"frxsti",1,0
"Mark Kahn",1,0
"Angela Liu",1,0
"Antonio Tony Graci",1,0
"Schwizzle",1,0
"Aleksandrs Hromcovs",1,0
"Octavio Norzagaray",1,0
"Andra",1,0
"Killa Kyleon",1,0
"Bee Butta",1,0
"Charles Segal",1,0
"Hariki Rüstem",1,0
"Nets",1,0
"Montao",1,0
"Traviezoz de la Zierra",1,0
"Dalton Torres",1,1
"Marshall Gregory Thomas",1,0
"Michael Peter Sajic",1,0
"Musica_en_el_nortr",1,0
"Leo Sayer",1,1
"A-V",1,0
"infusia:528",1,0
"Chance the Rapper",1,2
"DJ Luian",1,2
"Akshaye Khanna",1,0
"Grady Spencer & The Work",1,6
"Los Umbrellos",1,0
"DJ Radio",1,0
"Ypn.ki4",1,0
"Soundz Better",1,0
"Mr. Mixx",1,0
"Travi$ Scott",1,0
"James Cocozza",1,0
"Illixie",1,0
"XGOKITACHIX",1,0
"Uragan",1,0
"Callmejohnny",1,0
"Alex Fort Dj",1,0
"LEGIT",1,0
"THE BOYZ",1,0
"DJ Rectangle",1,0
"Jd One",1,0
"Maluma/Kany García",1,0
"Jey One",1,1
"Tomorrow X Together",1,13
"Gulzar",1,0
"Sebastian Parche",1,0
"Los Cachorros De Juan Villarreal",1,0
"Butta Na",1,0
"Young jhon",1,0
"Israel & New Breed",1,3
"Adam Hambrick",1,0
"Hit Sound",1,0
"Rhett Price",1,0
"Dj Moon",1,0
"Antonio Quintana",1,0
"Eloheim",1,0
"David Nail",1,12
"Thomas Dean Pugh-Fields",1,0
"Octavio Carbonell",1,0
"DjKassX",1,0
"Dan Snow",1,0
"Jochen Reinhold Flach",1,0
"Mateo Giuricich",1,0
"Joanne Shaw Taylor",1,38
"Jessica Lovelace",1,0
"Legendary DJs",1,0
"simone lupino",1,0
"The Zeitgeist",1,0
"Tea Leaf Green",1,0
"Marcos leven",1,0
"The Lone Bellow",1,27
"Daciva",1,0
"Adrián Berenguer",1,0
"The New Christy Minstrels",1,0
"DJ Omidia",1,0
"Los Primos Del Este",1,0
"Orquesta La Solucion",1,0
"Slipknot",1,5
"Cumbia Drive",1,0
"The FoxPack",1,0
"K.ninja_",1,0
"El Mariachi México De Pepe Villa",1,0
"Deejay Vvishmaster",1,0
"Mike Strickland",1,0
"Plap Fieldz",1,0
"Crankdat",1,27
"Gregory Abbott",1,0
"BLOND:ISH",1,3
"Jonas Derksen",1,0
"K.anderson",1,0
"Jillian Jacqueline",1,0
"Maino",1,0
"СД",1,0
"Hayden Haddock",1,0
"Tim Short",1,0
"DJ E-Z Rock",1,0
"Blessing",1,0
"Eyal Raz",1,0
"The Tibbs",1,0
"The Box Tops",1,1
"Acústico D3",1,0
"Leanne Morgan",1,0
"Andres Cepeda",1,18
"Consequence",1,0
"Tom Mabe",1,0
"David Hoffner",1,0
"Pat Waters",1,0
"Odeal",1,0
"Kristen Wiig",1,0
"Marc Dimera",1,0
"Kenny Wayne Shepherd",1,83
"Fernix Fusion Tribe",1,0
"Blackriver",1,0
"Jimmy Levy",1,0
"Laurent Dury",1,0
"Johnny Blue Skies",1,0
"Stone Machine",1,0
"Swahv",1,0
"SN Music Education",1,0
"Kelontae Gavin",1,0
"Freya Aurelith",1,0
"RelikOne",1,0
"George Jones",1,0
"The 411",1,0
"Koala Mix",1,0
"Rochak Kohli",1,0
"Rey Falaniko",1,0
"Pantera",1,61
"Money Meco",1,0
"N.O.R.E.",1,1
"ness The bandz",1,0
"Dream Star",1,0
"José Luis Perales",1,0
"Catalina",1,0
"Ryan Larkins",1,0
"Ty $later",1,0
"Los Hermanos Banda",1,0
"BadApeTe",1,0
"JD Clayton",1,4
"Charlie Worsham",1,17
"Gustavo Mota",1,0
"Miguel garciaaa",1,0
"oxy_gin",1,0
"Abdel Karim",1,0
"El Grito",1,0
"The_Mountain",1,0
"TazzK",1,0
"Necro",1,0
"Edward Rivera",1,0
"DJBASS",1,0
"Chely Wright",1,0
"Logic",1,0
"L Young",1,0
"Mikael Manvelyan",1,0
"honestav",1,40
"Bad Religion",1,51
"Frank Serafine",1,0
"Alex Fletcher",1,0
"Banda La Mentira",1,0
"3RE",1,0
"The Standells",1,0
"Tootie",1,0
"Joshuah Hampton",1,0
"Mnops",1,0
"JOAQUIN moyano",1,0
"Ulisses DJ",1,0
"Clock Journey",1,0
"Phatt da Princ3",1,0
"Chainsaw Billies",1,0
"Damien Escobar",1,19
"Alex Selas",1,0
"Daniele Vitale Sax",1,0
"Dueto Águila Y Sol",1,0
"Malformaciones Kongenitas",1,0
"Butter",1,0
"Liran' Roll",1,0
"Los Inhumanos",1,0
"Dj Wendy",1,0
"Trim",1,0
"Mateo Ribak",1,0
"Addison Rae",1,0
"Total Cereal",1,0
"Anita Ward",1,0
"DLG",1,0
"Chin Huan",1,0
"Jay ar",1,0
"Colorado Mass Choir",1,0
"Team Clutch",1,0
"Dre",1,0
"The Restoration Worship Center Choir",1,0
"Looking Up",1,0
"Ку-ку Бенд",1,0
"Digital Kingz",1,0
"Aisha Vibes",1,0
"Urena",1,0
"B.I.G",1,0
"Desifx",1,0
"Tatiana Mikova",1,0
"Juan Gabriel",1,0
"Andy Grammer",1,17
"The Gypsy Brothers",1,0
"Shirley Caesar",1,5
"Bread",1,0
"Tendon Levey",1,0
"Fabian Fattorini",1,0
"Young Budd",1,0
"Elileli",1,0
"Chilly Gonzales",1,1
"Joe Public",1,0
"Paul Gelsomine",1,0
"DlocoThaBest",1,0
"guesthouse",1,0
"Michael Monroe",1,13
"J.R Rap Belico",1,0
"McNastee",1,0
"Kings Oz",1,0
"Big Jey",1,0
"AAVERY",1,0
"F Tribute Project",1,0
"Deep Dish",1,5
"Dobie Gray",1,0
"Yo te Afirmo",1,0
"The Black Eyed Peas",1,0
"LaBelle",1,0
"Nora Van Elken",1,0
"二浪",1,0
"Corona de Reyes",1,0
"Rizo",1,0
"Deadpool",1,0
"9ine C.T.B",1,0
"Jefferia Sharpe",1,0
"楊宗緯",1,0
"DJ Laz",1,0
"Ritchie Valens",1,0
"Eminem, Britney Spears",1,0
"David Stephen Goldsmith",1,0
"Jadon Rogers",1,0
"Ryan Leslie",1,0
"Paul Rawson",1,0
"Gnrvictor",1,0
"Dj King Kwest",1,0
"Keith Anderson",1,0
"Alexis Exequiel",1,0
"Los Montañeses Del Alamo",1,0
"Dr. Srimix",1,0
"Lil Shell & Pappy",1,0
"JayDon",1,0
"Dj Yaara",1,0
"Lloyd Banks",1,3
"DJ SMOOTH PANDA",1,0
"Czech National Symphony Orchestra",1,0
"Mims",1,0
"Hot Dog and the Brats",1,0
"Max Graham",1,0
"Al Koleon",1,0
"Cashski",1,0
"Big$Mac$",1,0
"Sam Fender",1,17
"Richgirl",1,0
"Refuerzo Norteño",1,0
"Mosaic MSC",1,0
"Christian Marsac",1,0
"Robert Jon & the Wreck",1,21
"Hermanas Núñez",1,0
"Trio Los Panchos",1,0
"Victor Rodrigues",1,0
"Willie Colón",1,1
"Pink Diamond",1,0
"Molly Jackson",1,0
"Fede Rodriguez",1,0
"A.J. Fox",1,0
"Five",1,24
"Nuno Miguel Henriques",1,0
"Polo Urias y Su Maquina Norteña",1,0
"Ema Capra",1,0
"Yelitza La Arquitecta Del Swing",1,0
"Drake Milligan",1,34
"Luis Alfonso Partida El Yaki",1,0
"Dj Drama",1,0
"ARKEЙ",1,0
"Bela Fleck",1,24
"Keyon Brown",1,0
"""Buttnaked"" Tim Dawg",1,0
"Tunechi",1,0
"Lola Beltran",1,0
"Darryl Worley",1,9
"Kanroc Xpitaf",1,0
"Willie Lee",1,0
"Black Label Society",1,2
"Jim Jones",1,2
"Roedayo",1,0
"Lil Fenda",1,0
"Gene Watson",1,15
"Sa-Roc",1,1
"Lisztomania",1,0
"DJ Cumbia",1,0
"Rebel Moves",1,0
"Brandon Whelan",1,0
"Morrison",1,0
"Duane Allman",1,0
"Naoufel",1,0
"E. Renee",1,0
"Austin Snell",1,25
"Zeca Aquino",1,0
"Young B Black",1,0
"Coke Hendry",1,0
"Clayton Landua Music",1,0
"Dj Kaique",1,0
"Adriel Nehuen",1,0
"Chocolate",1,0
"Portrait",1,0
"Dimes",1,0
"Dave Gale",1,0
"HEYYWOLF",1,0
"Bobby Avey",1,0
"Joaquin",1,0
"WM Lav",1,0
"Future Palace",1,2
"Los Tukas",1,0
"Oliver Scoop",1,0
"Seth Travins",1,0
"Sharde Collins",1,0
"Ohrenkneifer",1,0
"Escobar Marion",1,0
"GAXIN",1,0
"Best Coast",1,0
"B.G.L.13",1,0
"Алексей Ткаченко",1,0
"Mike Eli",1,0
"Hermanos Zaizar",1,0
"Taylor McCall",1,0
"Sky",1,0
"Dj Loke",1,0
"Cut Killer Show",1,0
"El Trono de Mexico",1,0
"Eddy Raven",1,0
"Polar Kid",1,0
"Roma Dj",1,0
"GlockbabyJ4",1,0
"Don Lore V",1,0
"AUSTIN OFFICIAL",1,0
"Paradise",1,0
"Rainer Quade",1,0
"Bushspeak",1,0
"Maffew Ragazino",1,0
"HIXTAPE",1,0
"Thomas Frinking",1,0
"Cubi",1,0
"Monty Python",1,0
"Will Shepard",1,0
"Lauren Watkins",1,36
"Booboo Stewart",1,0
"Mitch Ryder",1,0
"M People",1,0
"Brodie Bankz",1,0
"Kazmi",1,0
"Soulja Almighty",1,0
"Frae DJ",1,0
"Marc Antoine",1,0
"Trapaholics",1,0
"DJ Bonfire",1,0
"Desmond Dekker",1,1
"Fatou Dior",1,0
"RJ3",1,0
"Dj Lauuh",1,0
"Ariel Fitz-Patrick",1,0
"Slick Jordan",1,0
"Travis Barker",1,0
"Jeanuh",1,0
"Shameless",1,0
"North Sphere",1,0
"Take Me To Rio Collective",1,0
"Harshdeep Kaur",1,0
"Bert Weedon",1,0
"Mr B",1,0
"Rippa DeLaHoya",1,0
"EmiDiaz",1,0
"Dj Guefito",1,0
"Tony Brown",1,0
"jazzresin",1,0
"Memphis Smoke",1,0
"Kanroc",1,0
"Lil Nunu",1,0
"Kwame And A New Beginning",1,0
"Jamal Roberts",1,0
"Dj Dancehall",1,0
"RocknStock",1,0
"Jack Blocker",1,1
"Relevoo",1,0
"Nico Gz",1,0
"Igor Presnyakov",1,0
"Relentless Fog",1,0
"Lilnelly Mr Yinax",1,0
"Red Peters",1,0
"Glenn Jones",1,1
"Denzel Davis",1,0
"SplavSlav",1,0
"Ti Chris",1,0
"Dan Petty",1,0
"The Mindbenders",1,0
"WILZAR",1,0
"aLee DJ",1,0
"Cornelio Ayala",1,0
"Trish Murphy",1,0
"Kenny P",1,0
"Wahlstedt",1,0
"Bakar",1,26
"Muddy Plots",1,0
"Cryptified Malik",1,0
"Allenizer",1,0
"Melanie Fiona",1,16
"Alta Marea",1,0
"321",1,0
"6lue",1,0
"apmunozz",1,0
"Echo & the Bunnymen",1,27
"Calcinha Preta",1,0
"Labeezium",1,0
"Irving Berlin",1,0
"Viral",1,0
"Edith Piaf",1,8
"Joaquina",1,1
"Shadow blow",1,0
"Butthole Surfers",1,0
"Rodrigo Arias",1,0
"Mvmment",1,0
"Aniceto Molina",1,0
"Montage",1,0
"Andy Hamilton",1,0
"Bounty Killer",1,0
"Rodri Martinez",1,0
"Evert Z",1,0
"Dj Rpmix",1,0
"The Black Dahlia Murder",1,6
"Wise Professor",1,0
"fran laborde",1,0
"Julio Voltio",1,0
"Ifé Neuro",1,0
"Kenny Mercury",1,0
"Playboi cartiz",1,0
"ANDY ALASKA",1,0
"Western Centuries",1,0
"Biz Markie",1,0
"The Unseen",1,0
"Judge Da Boss",1,0
"Jeanyiz",1,0
"Charlie Parker",1,0
"Israel Houghton",1,0
"98º",1,0
"DJ MRK",1,0
"Anuel",1,0
"Eddie Murphy",1,0
"Shocking Blue",1,0
"Lou Rawls",1,0
"Abracadabra",1,0
"Rodd wavve",1,0
"nøave",1,0
"Studio Sound Group",1,0
"John Drama",1,0
"Los 2 Generales",1,0
"Matias Orlando",1,0
"Dino",1,0
"Busy Signal",1,0
"Yelsin",1,0
"Rogelio Martinez",1,0
"Jesse Royal",1,2
"DJ Mixshow",1,0
"M.O.B. Mook",1,0
"BLUE STEEL",1,0
"Hector Lavoe",1,0
"Scarface",1,11
"DJ Clark Kent",1,0
"Danny Elfman",1,3
"Gloria Trevi",1,25
"BOTZY",1,0
"All Covered Up",1,0
"Lenier",1,1
"EastSide K-Boy",1,0
"The Lemonheads",1,4
"Filter",1,23
"Church Boi",1,0
"Aaron Lindsey",1,0
"Tito Yons",1,0
"Christmas Party Allstars",1,0
"Jaylen Little",1,0
"AG Remix",1,0
"Groove & Move",1,0
"Jody Watley",1,1
"DIMMYSAD",1,0
"Lamborghini Law",1,0
"Timbuk 3",1,0
"Bogus Trizzy",1,0
"Swing Out Sister",1,0
"CA$H",1,0
"David Tolk",1,0
"Pary!",1,0
"Chinx Drugz",1,0
"Turbo",1,0
"League of Legends",1,0
"Los Donneños",1,0
"Allure",1,0
"DFZM",1,0
"Luan Santana",1,0
"Daniel Levi",1,0
"Mr.Ea$t",1,0
"Cuhdeejah",1,1
"The Dirty Unkuls",1,0
"Dj alan rojas",1,0
"Varun Dhawan",1,0
"DJ Poska",1,0
"Johnny Cooper",1,0
"Supastylez",1,0
"CashOutJony",1,0
"The Soulsonic Force",1,0
"Benja Murano",1,0
"Juan Corazon",1,0
"Viper",1,0
"Sister Hazel",1,20
"Ace",1,0
"Relajacion",1,0
"GroovyGotBeats",1,0
"Lil Dae",1,0
"Edwin Starr",1,0
"Macklemore & Ryan Lewis",1,0
"Montrose",1,0
"Jean-Philippe Ichard",1,0
"Thelma Nance-Cunningham",1,0
"Jay Electronica",1,5
"Bryan Andrew Wilson",1,0
"Ghetto Child",1,0
"Focus",1,3
"KFrmNC",1,0
"Siedah Garrett",1,0
"Gary James Crockett",1,0
"SavageGang",1,0
"BigBag Mooka",1,0
"692Guap",1,0
"Jesus Jones",1,11
"Chorus",1,0
"Altimet",1,0
"Jasper",1,0
"Johnny Lithium",1,0
"Jocelyn & Chris Arndt",1,0
"Javi",1,0
"Papu DJ",1,0
"N.W.A.",1,0
"Dj Luciano Troncoso",1,0
"Hailey Whitters",1,27
"Plan B",1,0
"Gary Crockett",1,0
"G-Lew",1,0
"Lord Tjay",1,0
"Sara Saka",1,0
"DertBeats",1,0
"Caleb Sam Brown",1,0
"Paolo Tuci",1,0
"Pug Johnson",1,2
"6ix3rty",1,0
"Luciano Troncoso",1,0
"SNAP!",1,2
"Aura Ritual",1,0
"DJ CBW",1,0
"Monali Thakur",1,0
"James Desmond",1,0
"Warren Haynes",1,15
"CMG The Label",1,0
"Ridiculous Rick",1,0
"The Foundations",1,0
"The Avalon Pops Orchestra",1,0
"ThereGoKel",1,0
"Diogo Piçarra",1,0
"Whindersson Nunes",1,0
"DJ Dance",1,0
"Alost.",1,0
"Fran Tbm",1,0
"Zeneker Team",1,0
"Anu Malik",1,1
"Jamiko Cochran Allena Whitaker Kristen Horne O She Tyght",1,0
"Raffi Top",1,0
"Yaga & Mackie",1,0
"DJ Yofa",1,0
"Ryan Cabrera",1,14
"Momento Espírita",1,0
"Lemon Popsicle",1,0
"Alice DJ",1,0
"Christopher Lewis",1,0
"Tierra Cali",1,1
"Randy Rainbow",1,0
"Hypeboy",1,0
"Nicolau Marinho",1,0
"West Coast Massive",1,0
"refracted arg",1,0
"fer shawty",1,0
"EJ Jones",1,0
"DOMELGABOR",1,0
"The Black Angels",1,3
"Benedetta Caretta",1,0
"Baby G",1,0
"Facin",1,0
"American Brass Band",1,0
"Fonky Fresh",1,0
"VicoDJ",1,0
"Jay Livingston",1,0
"Bigstevedzn",1,0
"Amaro Freitas",1,0
"Arief Abdurrochman Pamungkas",1,0
"Exu Nathan",1,0
"Pak Pak",1,0
"Mic Meimaroglou",1,0
"精彩轩迪",1,0
"Ameritz Karaoke Band",1,0
"richie",1,0
"Lou Christie",1,0
"Panjabi MC",1,1
"Tennessee Jet",1,5
"Echu Sanchez Dj",1,0
"Danger Danger",1,0
"Swizz Beatz",1,0
"Little Image",1,31
"DJ Frank E",1,0
"El Mariachi Moya",1,0
"Matias Ismael",1,0
"Junior M.A.F.I.A.",1,0
"Grupo Montéz De Durango",1,0
"Noelkinz",1,0
"Kealen Ives",1,0
"Los Hermanos Carrión",1,0
"Jason Eady & The Wayward Apostles",1,0
"Cstlflk",1,0
"Big Boss Blossom",1,0
"Teni",1,0
"Cherrelle",1,0
"Hood",1,0
"Tryfux",1,0
"Five Foot Failure",1,0
"Kevin Nova",1,0
"Conjunto Azabache",1,0
"Joshua Hedley",1,0
"8先生",1,0
"Erock",1,0
"Jhondy Herrera",1,0
"Shanice",1,0
"Miss Nana",1,0
"Di Genius",1,0
"Muzik Junkies",1,0
"Reaperboyz",1,0
"Luis Ángel Gómez Jaramillo",1,0
"The Chemical Brothers",1,0
"KilSoSouth",1,0
"Grace Potter",1,48
"Larry Joe Taylor",1,0
"El Adri Dj",1,0
"BNXN",1,1
"Jatin-Lalit",1,0
"The Rubber Boys",1,0
"Ivory Scott",1,0
"DJ Sticky",1,0
"Ben Folds Five",1,0
"The North",1,0
"Tyler Williams",1,0
"Pianaura",1,0
"Jevon Alexander",1,0
"Real OG Ice Man",1,0
"Los Garcia Bros.",1,0
"Rogelio Douglas, Jr.",1,0
"Alxander Roy",1,0
"Tenacious D",1,0
"DJ Whiteboy",1,0
"Gabe Ramos",1,0
"Corbin",1,7
"Fredo Bang",1,7
"Ray Benson",1,0
"Trap House",1,0
"Nabila Huda",1,0
"Alexandra Hampton",1,0
"Earth",1,8
"Steve Levy",1,0
"Jorge Drexler",1,0
"Troy Cartwright",1,1
"Shirley Murdock",1,2
"Rns_Arrchived",1,0
"KK",1,0
"Matias Emmanuel",1,0
"Los Pikadientes De Caborca",1,0
"The Lowdown Drifters",1,3
"Craig Campbell",1,2
"Local H",1,33
"Ensemble de Musique Zen Relaxante",1,0
"Juss Cxss@BiS",1,0
"Qualo",1,0
"The Statesboro Revue",1,1
"Poppa Percocet",1,0
"Escobar Jon",1,0
"Los Nuevos Federales",1,0
"Alexis & Fido",1,3
"Julio Iglesias",1,0
"Grupo Cañaveral",1,0
"CoyyTheBoyy",1,0
"Grupo Innovacion",1,0
"Willy Northpole",1,0
"Timmy Trumpet",1,20
"Xliv",1,0
"Yas Cepeda",1,0
"Heisen",1,0
"George Sambalis",1,0
"Kaball",1,0
"Bump J",1,0
"Tego Calderon",1,0
"Joan Roca",1,0
"Arbise González",1,0
"Dj IBO",1,0
"Dj Paul",1,0
"The Rude Boi",1,0
"Ghostface Killah",1,3
"Fly Reek",1,0
"Delbert McClinton & Self-Made Men",1,0
"Dj Furioso",1,0
"Martin Olvera",1,0
"Nuka Prix",1,0
"Frankie Valli",1,48
"Tye Tribbett & G.A.",1,0
"Jay And The Americans",1,9
"Brothamans",1,0
"Godsmack",1,40
"Cannons",1,13
"RDC",1,0
"Les Inconnus",1,0
"Atmospheric Coffee House Music",1,0
"Lou Gramm",1,10
"Coco Palmer",1,0
"The Presidents of the United States of America",1,0
"Ki-An Kambaran",1,0
"Luis Aguilar",1,0
"Anberlin",1,19
"Gutsy J",1,0
"Jay Ferguson",1,0
"Russ Millions",1,0
"Original Papyrus",1,0
"Roberta Flack",1,0
"Marcela Morelo",1,0
"Even Mellum",1,0
"GrimmWorkz",1,0
"The Powell Brothers",1,0
"Elastica",1,0
"Young Joc",1,0
"Energija",1,0
"Antonio Frigé",1,0
"Caifanes",1,29
"Christmas Collective",1,0
"Adam Ford",1,0
"DamiYoncé",1,0
"Rick Rhodes",1,0
"Samantha Sang",1,0
"Testiklez",1,0
"Songbird Jones",1,0
"Matthew Nicholson",1,0
"Smash Brothers",1,0
"Danny414",1,0
"MadeinTYO",1,0
"All That Remains",1,3
"Dirty Gee",1,0
"Clive Duncan",1,0
"Hasizzle",1,0
"Bruno Le Roux",1,0
"Koma Welat",1,0
"LogiBeatRd",1,0
"Reyli Barba",1,0
"Trey Stylez",1,0
"DJ Menor Mix",1,0
"La Santanera",1,0
"Слави Трифонов",1,0
"Yoann Bernagoult",1,0
"Grupo Los Tepoz",1,0
"Classics IV",1,0
"Yeezy Taught Me",1,0
"The Postal Service",1,17
"Escobar Pablo",1,0
"Jerry Gruvis",1,0
"Quicksilver Messenger Service",1,0
"Commissioned",1,0
"Bave Teyar",1,0
"Vico C",1,1
"Little Feat",1,52
"Yello",1,0
"Fass Money Melo",1,0
"Wreckx-N-Effect",1,0
"Night-Time Jazz",1,0
"Riccardo Chailly",1,0
"DJ One Go",1,0
"Donnie Boy",1,0
"Jordan Robert Kirk",1,0
"Jason Champion",1,0
"Crystals",1,0
"Mega Mix",1,0
"E2dal",1,0
"DJ ""S""",1,0
"AA Records",1,0
"Jan Hammer",1,0
"ThatGuyCanime",1,0
"Daniel James (AU)",1,0
"Wayne Dub",1,0
"Ashish Pandit",1,0
"Bausa",1,1
"Artes",1,0
"Eric Sadler",1,0
"Juelz Santana",1,1
"Евгений Проценко",1,0
"虞姬",1,0
"Lana McDonagh",1,0
"Joell Ortiz",1,0
"MOJ Beatz",1,0
"ChicoGotBarz",1,0
"Ion Don",1,0
"The 5th Dimension",1,0
"Dacavi",1,0
"Lo Fidelity Allstars",1,0
"Chakir",1,0
"Cameron Boyce",1,0
"Erick y Su Grupo Massore",1,0
"Sing Strike Karaoke",1,0
"Zedrick Kelley",1,0
"Generacion 2000",1,0
"Internet Money",1,0
"The Lemon Pipers",1,0
"Denis Pauna",1,0
"ADDITUPKEVO",1,0
"El Bananero",1,0
"Asante Farid",1,0
"Joe Bonamassa",1,50
"Dustin Brown",1,0
"Don Miguelo",1,0
"Pete Le Freq",1,0
"Conjunto Satevo",1,0
"JSinn",1,0
"Mike Xavier",1,0
"Element",1,0
"Mista",1,0
"Jay Wiz",1,0
"Magicxbeats",1,0
"DJ Mike Bosch",1,0
"Karine Costa",1,0
"Dj Madness",1,0
"Eternal ",1,0
"Luke",1,0
"John V. Mula",1,0
"Got the Beat",1,0
"Sound M.O.B.",1,0
"6ix9ine",1,0
"Fisher",1,22
"Nicole Scherzinger",1,1
"baekho",1,0
"Mega Tracks Karaoke Band",1,0
"Funkimura World",1,0
"Crewsoundwaves",1,0
"Bob Wills",1,0
"Stacey Lee",1,0
"Chairmen Of The Board",1,0
"Skyy",1,0
"Laurent Juillet",1,0
"Deagle",1,0
"Empire of the Sun",1,24
"Pritam Chakraborty",1,0
"My cousin Nicole",1,0
"Work from Home Music",1,0
"Meat Puppets",1,0
"Diego Curbelo",1,0
"The Spencer Davis Group",1,0
"SGX",1,0
"Ed Solo",1,1
